task_id,total_disc_reward,cumulative_reward,moving_avg_reward,overall_est_accur,warnings_received,cumulative_warnings,moving_avg_warnings,robot_model_ID
1,-2.69984,-2.69984,-2.69984,30.0,0,0.0,0.0,6
2,5.88,3.18016,1.59008,100.0,0,0.0,0.0,0
3,5.31505,8.49521,2.8317366666666666,50.0,0,0.0,0.0,0
4,4.68675,13.18196,3.29549,80.0,0,0.0,0.0,0
5,1.62886,14.81082,2.962164,33.33333333333333,1,1.0,0.2,0
6,5.88,20.69082,3.44847,100.0,0,1.0,0.16666666666666666,3
7,5.42352,26.11434,3.7306199999999996,42.857142857142854,0,1.0,0.14285714285714285,3
8,1.50586,27.620199999999997,3.4525249999999996,22.22222222222222,1,2.0,0.25,12
9,-0.215878,27.404321999999997,3.0449246666666663,33.33333333333333,2,4.0,0.4444444444444444,3
10,5.20875,32.613071999999995,3.2613071999999996,33.33333333333333,0,4.0,0.4,12
11,5.10458,37.717651999999994,3.428877454545454,30.0,0,4.0,0.36363636363636365,12
12,5.88,43.597652,3.6331376666666664,100.0,0,4.0,0.3333333333333333,12
13,4.28639,47.884041999999994,3.683387846153846,66.66666666666666,0,4.0,0.3076923076923077,12
14,2.29806,50.18210199999999,3.5844358571428567,54.54545454545454,1,5.0,0.35714285714285715,12
15,-2.60438,47.577721999999994,3.171848133333333,37.5,0,5.0,0.3333333333333333,2
16,4.30483,51.882552,3.2426595,37.5,0,5.0,0.3125,2
17,3.46994,55.352492,3.2560289411764707,50.0,2,7.0,0.4117647058823529,2
18,4.41113,59.763622,3.320201222222222,37.5,1,8.0,0.4444444444444444,2
19,5.42352,65.187142,3.4309022105263156,28.57142857142857,0,8.0,0.42105263157894735,2
20,5.31505,70.502192,3.5251095999999995,37.5,0,8.0,0.4,2
21,5.7624,76.264592,3.631647238095238,100.0,0,8.0,0.38095238095238093,2
22,4.46312,80.727712,3.6694414545454546,66.66666666666666,0,8.0,0.36363636363636365,2
23,5.42352,86.151232,3.7457057391304347,42.857142857142854,0,8.0,0.34782608695652173,3
24,5.20875,91.35998199999999,3.8066659166666663,22.22222222222222,0,8.0,0.3333333333333333,3
25,5.42352,96.78350199999998,3.8713400799999995,16.666666666666664,0,8.0,0.32,5
26,5.42352,102.20702199999998,3.931039307692307,28.57142857142857,0,8.0,0.3076923076923077,5
27,5.88,108.08702199999998,4.003223037037036,100.0,0,8.0,0.2962962962962963,5
28,5.88,113.96702199999997,4.0702507857142844,100.0,0,8.0,0.2857142857142857,5
29,5.88,119.84702199999997,4.132655931034481,100.0,0,8.0,0.27586206896551724,5
30,5.31505,125.16207199999997,4.1720690666666655,14.285714285714285,0,8.0,0.26666666666666666,5
31,5.42352,130.58559199999996,4.212438451612902,42.857142857142854,0,8.0,0.25806451612903225,5
32,5.88,136.46559199999996,4.264549749999999,100.0,0,8.0,0.25,5
33,5.88,142.34559199999995,4.313502787878787,100.0,0,8.0,0.24242424242424243,5
34,-0.167156,142.17843599999995,4.181718705882352,28.57142857142857,2,10.0,0.29411764705882354,5
35,4.24835,146.42678599999994,4.183622457142856,44.44444444444444,0,10.0,0.2857142857142857,5
36,4.50116,150.92794599999993,4.192442944444442,33.33333333333333,0,10.0,0.2777777777777778,5
37,5.88,156.80794599999993,4.238052594594593,100.0,0,10.0,0.2702702702702703,5
38,4.68675,161.49469599999992,4.249860421052629,50.0,0,10.0,0.2631578947368421,5
39,5.88,167.37469599999991,4.29165887179487,100.0,0,10.0,0.2564102564102564,5
40,5.88,173.2546959999999,4.331367399999998,100.0,0,10.0,0.25,5
41,5.88,179.1346959999999,4.369138926829266,100.0,0,10.0,0.24390243902439024,5
42,-3.40516,175.7295359999999,4.184036571428569,20.0,0,10.0,0.23809523809523808,5
43,5.20875,180.93828599999992,4.2078671162790675,37.5,0,10.0,0.23255813953488372,5
44,5.53421,186.47249599999992,4.238011272727271,40.0,0,10.0,0.22727272727272727,5
45,2.94,189.41249599999992,4.209166577777776,66.66666666666666,0,10.0,0.2222222222222222,5
46,5.31505,194.72754599999993,4.233207521739129,42.857142857142854,0,10.0,0.21739130434782608,9
47,5.88,200.60754599999993,4.268245659574466,100.0,0,10.0,0.2127659574468085,9
48,5.10458,205.71212599999993,4.285669291666665,11.11111111111111,0,10.0,0.20833333333333334,9
49,-0.163813,205.54831299999992,4.194863530612244,50.0,2,12.0,0.24489795918367346,5
50,5.7624,211.31071299999994,4.226214259999999,100.0,0,12.0,0.24,5
51,5.88,217.19071299999993,4.258641431372547,100.0,0,12.0,0.23529411764705882,5
52,5.88,223.07071299999993,4.289821403846153,100.0,0,12.0,0.23076923076923078,5
53,5.7624,228.83311299999994,4.317605905660376,75.0,0,12.0,0.22641509433962265,5
54,5.53421,234.36732299999994,4.34013561111111,66.66666666666666,0,12.0,0.2222222222222222,5
55,5.88,240.24732299999994,4.368133145454545,100.0,0,12.0,0.21818181818181817,9
56,5.88,246.12732299999993,4.395130767857141,100.0,0,12.0,0.21428571428571427,9
57,5.88,252.00732299999993,4.421181105263156,100.0,0,12.0,0.21052631578947367,9
58,5.7624,257.76972299999994,4.444305568965516,75.0,0,12.0,0.20689655172413793,9
59,5.88,263.64972299999994,4.468639372881355,100.0,0,12.0,0.2033898305084746,9
60,5.88,269.52972299999993,4.492162049999999,100.0,0,12.0,0.2,9
61,5.88,275.40972299999993,4.514913491803277,100.0,0,12.0,0.19672131147540983,9
62,5.7624,281.17212299999994,4.535034241935483,75.0,0,12.0,0.1935483870967742,9
63,5.88,287.05212299999994,4.556382904761904,100.0,0,12.0,0.19047619047619047,9
64,5.7624,292.81452299999995,4.575226921874999,100.0,0,12.0,0.1875,9
65,5.88,298.69452299999995,4.595300353846153,100.0,0,12.0,0.18461538461538463,5
66,5.88,304.57452299999994,4.614765499999999,100.0,0,12.0,0.18181818181818182,9
67,5.88,310.45452299999994,4.633649597014925,100.0,0,12.0,0.1791044776119403,9
68,5.7624,316.21692299999995,4.650248867647058,75.0,0,12.0,0.17647058823529413,9
69,5.88,322.09692299999995,4.6680713478260865,66.66666666666666,0,12.0,0.17391304347826086,9
70,5.31505,327.41197299999993,4.677313899999999,25.0,0,12.0,0.17142857142857143,9
71,5.88,333.2919729999999,4.69425314084507,100.0,0,12.0,0.16901408450704225,5
72,5.7624,339.05437299999994,4.709088513888888,100.0,0,12.0,0.16666666666666666,5
73,5.88,344.93437299999994,4.725128397260273,100.0,0,12.0,0.1643835616438356,5
74,5.7624,350.69677299999995,4.739145581081081,100.0,0,12.0,0.16216216216216217,5
75,5.88,356.57677299999995,4.754356973333333,100.0,0,12.0,0.16,5
76,5.88,362.45677299999994,4.769168065789473,100.0,0,12.0,0.15789473684210525,9
77,5.88,368.33677299999994,4.783594454545454,100.0,0,12.0,0.15584415584415584,9
78,2.49148,370.82825299999996,4.7542083717948715,25.0,1,13.0,0.16666666666666666,9
79,5.88,376.70825299999996,4.768458898734177,100.0,0,13.0,0.16455696202531644,5
80,2.8812,379.58945299999993,4.7448681624999995,75.0,0,13.0,0.1625,5
81,5.7624,385.35185299999995,4.757430283950617,100.0,0,13.0,0.16049382716049382,5
82,5.7624,391.11425299999996,4.7696860121951214,100.0,0,13.0,0.15853658536585366,5
83,5.7624,396.876653,4.781646421686747,100.0,0,13.0,0.1566265060240964,5
84,5.7624,402.639053,4.79332205952381,100.0,0,13.0,0.15476190476190477,9
85,5.7624,408.401453,4.804722976470588,100.0,0,13.0,0.15294117647058825,9
86,5.88,414.281453,4.817226197674419,100.0,0,13.0,0.1511627906976744,5
87,5.88,420.161453,4.829441988505747,100.0,0,13.0,0.14942528735632185,9
88,2.44165,422.603103,4.802307988636364,22.22222222222222,1,14.0,0.1590909090909091,9
89,5.88,428.48310299999997,4.814416887640449,100.0,0,14.0,0.15730337078651685,5
90,5.88,434.36310299999997,4.8262567,100.0,0,14.0,0.15555555555555556,5
91,5.88,440.24310299999996,4.837836296703296,100.0,0,14.0,0.15384615384615385,5
92,5.88,446.12310299999996,4.849164163043477,100.0,0,14.0,0.15217391304347827,5
93,5.88,452.00310299999995,4.860248419354838,100.0,0,14.0,0.15053763440860216,5
94,5.88,457.88310299999995,4.8710968404255315,100.0,0,14.0,0.14893617021276595,5
95,5.64715,463.53025299999996,4.879265821052631,100.0,0,14.0,0.14736842105263157,9
96,-3.52565,460.004603,4.791714614583333,55.55555555555556,1,15.0,0.15625,5
97,5.7624,465.767003,4.801721680412371,75.0,0,15.0,0.15463917525773196,5
98,5.7624,471.529403,4.811524520408163,100.0,0,15.0,0.15306122448979592,5
99,5.88,477.409403,4.822317202020202,100.0,0,15.0,0.15151515151515152,5
100,5.7624,483.171803,4.83171803,75.0,0,15.0,0.15,9
101,5.31505,488.486853,4.836503495049505,50.0,0,15.0,0.1485148514851485,9
102,5.31505,493.801903,4.84119512745098,50.0,0,15.0,0.14705882352941177,5
103,2.17891,495.98081299999996,4.815347699029126,18.181818181818183,1,16.0,0.1553398058252427,5
104,-0.0542352,495.92657779999996,4.768524786538461,12.5,1,17.0,0.16346153846153846,5
105,5.7624,501.6889778,4.777990264761905,50.0,0,17.0,0.1619047619047619,5
106,5.20875,506.8977278,4.782054035849057,22.22222222222222,0,17.0,0.16037735849056603,5
107,-5.26405,501.6336778,4.688165213084112,20.0,1,18.0,0.16822429906542055,5
108,-3.70942,497.92425779999996,4.610409794444444,25.0,1,19.0,0.17592592592592593,5
109,5.42352,503.34777779999996,4.617869521100917,28.57142857142857,0,19.0,0.1743119266055046,5
110,5.20875,508.55652779999997,4.623241161818181,22.22222222222222,0,19.0,0.17272727272727273,5
111,-0.0531505,508.50337729999995,4.581111507207207,22.22222222222222,1,20.0,0.18018018018018017,5
112,5.7624,514.2657773,4.591658725892857,75.0,0,20.0,0.17857142857142858,5
113,-5.26835,508.99742729999997,4.504402011504425,18.181818181818183,1,21.0,0.18584070796460178,5
114,5.20875,514.2061772999999,4.510580502631578,22.22222222222222,0,21.0,0.18421052631578946,5
115,2.54232,516.7484972999999,4.4934651939130426,28.57142857142857,1,22.0,0.19130434782608696,5
116,2.49148,519.2399773,4.476206700862068,25.0,1,23.0,0.19827586206896552,5
117,5.31505,524.5550273,4.483376301709402,12.5,0,23.0,0.19658119658119658,5
118,5.10458,529.6596073000001,4.488640739830509,30.0,0,23.0,0.19491525423728814,5
119,2.39282,532.0524273000001,4.471028800840337,30.0,1,24.0,0.20168067226890757,5
120,2.60329,534.6557173000001,4.455464310833334,50.0,1,25.0,0.20833333333333334,5
121,5.31505,539.9707673000001,4.46256832479339,37.5,0,25.0,0.2066115702479339,5
122,-5.37148,534.5992873000001,4.381961371311476,22.22222222222222,1,26.0,0.21311475409836064,5
123,5.31505,539.9143373000002,4.3895474577235785,50.0,0,26.0,0.21138211382113822,5
124,2.71176,542.6260973000002,4.376016913709679,28.57142857142857,0,26.0,0.20967741935483872,5
125,5.42352,548.0496173000002,4.384396938400002,42.857142857142854,0,26.0,0.208,5
126,-5.37148,542.6781373000002,4.306969343650795,22.22222222222222,1,27.0,0.21428571428571427,5
127,-0.734339,541.9437983000003,4.267274002362207,23.076923076923077,2,29.0,0.2283464566929134,5
128,2.60438,544.5481783000002,4.254282642968752,22.22222222222222,0,29.0,0.2265625,5
129,5.7624,550.3105783000002,4.2659734751938,50.0,0,29.0,0.2248062015503876,5
130,-0.167156,550.1434223000002,4.231872479230771,14.285714285714285,2,31.0,0.23846153846153847,5
131,5.88,556.0234223000002,4.244453605343513,66.66666666666666,0,31.0,0.2366412213740458,5
132,5.20875,561.2321723000002,4.251758881060608,22.22222222222222,0,31.0,0.23484848484848486,5
133,5.10458,566.3367523000003,4.258171069924814,20.0,0,31.0,0.23308270676691728,5
134,5.88,572.2167523000003,4.270274270895524,66.66666666666666,0,31.0,0.23134328358208955,5
135,5.42352,577.6402723000003,4.278816831851854,14.285714285714285,0,31.0,0.22962962962962963,5
136,5.20875,582.8490223000003,4.285654575735297,22.22222222222222,0,31.0,0.22794117647058823,5
137,1.32815,584.1771723000004,4.264066951094893,18.181818181818183,1,32.0,0.23357664233576642,5
138,5.20875,589.3859223000004,4.270912480434785,22.22222222222222,0,32.0,0.2318840579710145,5
139,2.54232,591.9282423000004,4.2584765633093555,57.14285714285714,1,33.0,0.23741007194244604,5
140,5.31505,597.2432923000005,4.266023516428575,50.0,0,33.0,0.2357142857142857,5
141,2.71176,599.9550523000005,4.255000370921989,14.285714285714285,0,33.0,0.23404255319148937,5
142,5.31505,605.2701023000005,4.262465509154933,25.0,0,33.0,0.2323943661971831,5
143,5.31505,610.5851523000006,4.269826239860143,12.5,0,33.0,0.23076923076923078,5
144,5.20875,615.7939023000006,4.276346543750004,22.22222222222222,0,33.0,0.22916666666666666,5
145,-0.0542352,615.7396671000006,4.246480462758624,25.0,1,34.0,0.23448275862068965,5
146,2.29072,618.0303871000006,4.233084843150689,9.090909090909092,1,35.0,0.23972602739726026,5
147,-5.4811,612.5492871000006,4.167001953061228,25.0,1,36.0,0.24489795918367346,5
148,-2.65753,609.8917571000006,4.12089025067568,37.5,0,36.0,0.24324324324324326,5
149,5.31505,615.2068071000007,4.1289047456375885,12.5,0,36.0,0.24161073825503357,5
150,5.64715,620.8539571000007,4.139026380666671,80.0,0,36.0,0.24,5
151,2.00976,622.8637171000007,4.124925278807952,40.0,1,37.0,0.24503311258278146,5
152,5.31505,628.1787671000008,4.132755046710531,37.5,0,37.0,0.24342105263157895,5
153,5.64715,633.8259171000008,4.142653052941181,100.0,0,37.0,0.24183006535947713,5
154,-3.63523,630.1906871000008,4.092147318831174,33.33333333333333,1,38.0,0.24675324675324675,5
155,5.53421,635.7248971000008,4.101450949032263,83.33333333333334,0,38.0,0.24516129032258063,6
156,-0.0542352,635.6706619000008,4.074811935256416,50.0,1,39.0,0.25,6
157,5.53421,641.2048719000009,4.084107464331216,66.66666666666666,0,39.0,0.2484076433121019,5
158,-2.65753,638.5473419000009,4.041438872784815,50.0,0,39.0,0.2468354430379747,5
159,5.64715,644.1944919000009,4.051537684905666,100.0,0,39.0,0.24528301886792453,5
160,5.88,650.0744919000009,4.0629655743750055,100.0,0,39.0,0.24375,6
161,5.64715,655.7216419000009,4.072805229192553,100.0,0,39.0,0.2422360248447205,6
162,5.88,661.6016419000009,4.0839607524691415,100.0,0,39.0,0.24074074074074073,6
163,5.88,667.4816419000009,4.094979398159515,100.0,0,39.0,0.2392638036809816,6
164,5.7624,673.2440419000009,4.105146596951225,50.0,0,39.0,0.23780487804878048,6
165,5.88,679.1240419000009,4.11590328424243,100.0,0,39.0,0.23636363636363636,6
166,5.64715,684.7711919000009,4.125127662048198,80.0,0,39.0,0.23493975903614459,6
167,-0.903921,683.8672709000009,4.0950135982035984,57.14285714285714,0,39.0,0.23353293413173654,6
168,5.42352,689.290790900001,4.102921374404768,71.42857142857143,0,39.0,0.23214285714285715,6
169,5.42352,694.714310900001,4.110735567455627,71.42857142857143,0,39.0,0.23076923076923078,6
170,5.53421,700.248520900001,4.119108946470594,66.66666666666666,0,39.0,0.22941176470588234,6
171,2.54795,702.796470900001,4.109920882456146,37.5,1,40.0,0.23391812865497075,6
172,2.54232,705.3387909000011,4.100806923837215,57.14285714285714,1,41.0,0.23837209302325582,5
173,5.88,711.2187909000011,4.111091276878619,100.0,0,41.0,0.23699421965317918,6
174,-2.65753,708.5612609000011,4.072191154597707,50.0,0,41.0,0.23563218390804597,6
175,5.20875,713.7700109000011,4.078685776571435,44.44444444444444,0,41.0,0.2342857142857143,5
176,2.20706,715.9770709000011,4.068051539204552,50.0,1,42.0,0.23863636363636365,6
177,5.64715,721.6242209000011,4.076972999435035,100.0,0,42.0,0.23728813559322035,5
178,5.88,727.5042209000011,4.087102364606747,100.0,0,42.0,0.23595505617977527,6
179,5.64715,733.1513709000011,4.095817714525146,80.0,0,42.0,0.2346368715083799,6
180,-2.71176,730.4396109000011,4.057997838333339,57.14285714285714,0,42.0,0.23333333333333334,2
181,-0.903921,729.5356899000011,4.030583922099454,57.14285714285714,0,42.0,0.23204419889502761,5
182,3.54076,733.0764499000011,4.027892581868138,28.57142857142857,1,43.0,0.23626373626373626,2
183,5.31505,738.3914999000011,4.034926228961755,12.5,0,43.0,0.23497267759562843,5
184,-0.903921,737.4875789000012,4.008084667934789,71.42857142857143,0,43.0,0.23369565217391305,5
185,4.39269,741.8802689000012,4.010163615675682,25.0,1,44.0,0.23783783783783785,2
186,5.64715,747.5274189000012,4.018964617741942,100.0,0,44.0,0.23655913978494625,6
187,2.16292,749.6903389000012,4.009039245454551,53.333333333333336,1,45.0,0.24064171122994651,6
188,5.88,755.5703389000012,4.018991164361708,100.0,0,45.0,0.2393617021276596,2
189,4.57381,760.1441489000011,4.02192671375662,50.0,1,46.0,0.24338624338624337,2
190,3.40054,763.5446889000011,4.018656257368427,33.33333333333333,2,48.0,0.25263157894736843,2
191,5.88,769.4246889000011,4.028401512565451,100.0,0,48.0,0.2513089005235602,5
192,5.64715,775.0718389000011,4.036832494270839,80.0,0,48.0,0.25,5
193,5.31505,780.3868889000012,4.04345538290156,62.5,0,48.0,0.24870466321243523,2
194,5.88,786.2668889000012,4.052922107731964,100.0,0,48.0,0.24742268041237114,5
195,-0.0542352,786.2126537000012,4.031859762564109,37.5,1,49.0,0.2512820512820513,5
196,-5.42463,780.7880237000012,3.9836123658163327,50.0,1,50.0,0.25510204081632654,5
197,2.16292,782.9509437000012,3.9743702725888386,40.0,1,51.0,0.25888324873096447,6
198,4.48233,787.4332737000012,3.976935725757582,57.14285714285714,1,52.0,0.26262626262626265,2
199,5.88,793.3132737000012,3.9864988628140763,100.0,0,52.0,0.2613065326633166,2
200,4.50116,797.8144337000012,3.989072168500006,71.42857142857143,0,52.0,0.26,2
201,5.31505,803.1294837000013,3.995669073134335,25.0,0,52.0,0.25870646766169153,2
202,5.7624,808.8918837000012,4.00441526584159,50.0,0,52.0,0.25742574257425743,2
203,5.64715,814.5390337000013,4.01250755517242,40.0,0,52.0,0.2561576354679803,2
204,5.88,820.4190337000013,4.021661929901967,66.66666666666666,0,52.0,0.2549019607843137,2
205,5.88,826.2990337000012,4.030726993658543,66.66666666666666,0,52.0,0.25365853658536586,2
206,5.42352,831.7225537000013,4.037488124757288,28.57142857142857,0,52.0,0.2524271844660194,2
207,5.88,837.6025537000013,4.046389148309185,66.66666666666666,0,52.0,0.25120772946859904,2
208,5.88,843.4825537000013,4.05520458509616,66.66666666666666,0,52.0,0.25,2
209,5.31505,848.7976037000013,4.061232553588523,12.5,0,52.0,0.24880382775119617,5
210,5.88,854.6776037000013,4.069893350952388,66.66666666666666,0,52.0,0.24761904761904763,5
211,5.88,860.5576037000013,4.078472055450243,66.66666666666666,0,52.0,0.24644549763033174,5
212,5.88,866.4376037000013,4.086969828773591,66.66666666666666,0,52.0,0.24528301886792453,5
213,-2.50124,863.9363637000013,4.056039266197189,36.36363636363637,0,52.0,0.24413145539906103,5
214,2.4502,866.3865637000013,4.048535344392529,9.090909090909092,1,53.0,0.24766355140186916,5
215,5.20875,871.5953137000013,4.053931691627913,25.0,0,53.0,0.24651162790697675,5
216,2.60329,874.1986037000013,4.047215757870377,12.5,1,54.0,0.25,5
217,5.7624,879.9610037000012,4.0551198327188995,100.0,0,54.0,0.2488479262672811,5
218,5.88,885.8410037000012,4.063490842660556,66.66666666666666,0,54.0,0.24770642201834864,5
219,5.88,891.7210037000012,4.071785405022837,66.66666666666666,0,54.0,0.2465753424657534,5
220,5.88,897.6010037000012,4.080004562272733,66.66666666666666,0,54.0,0.24545454545454545,5
221,2.94,900.5410037000013,4.074846170588241,33.33333333333333,0,54.0,0.24434389140271492,5
222,5.88,906.4210037000013,4.08297749414415,66.66666666666666,0,54.0,0.24324324324324326,5
223,5.88,912.3010037000013,4.091035891031396,66.66666666666666,0,54.0,0.242152466367713,5
224,5.53421,917.8352137000013,4.097478632589292,50.0,0,54.0,0.24107142857142858,5
225,5.88,923.7152137000013,4.105400949777784,66.66666666666666,0,54.0,0.24,5
226,5.88,929.5952137000013,4.113253157964608,66.66666666666666,0,54.0,0.23893805309734514,5
227,5.88,935.4752137000013,4.121036183700446,66.66666666666666,0,54.0,0.23788546255506607,5
228,5.7624,941.2376137000012,4.128235147807023,50.0,0,54.0,0.23684210526315788,5
229,5.7624,947.0000137000012,4.135371238864634,75.0,0,54.0,0.23580786026200873,5
230,5.31505,952.3150637000012,4.140500276956527,25.0,0,54.0,0.23478260869565218,5
231,5.88,958.1950637000012,4.148030578787884,66.66666666666666,0,54.0,0.23376623376623376,5
232,5.88,964.0750637000012,4.155495964224143,66.66666666666666,0,54.0,0.23275862068965517,5
233,5.88,969.9550637000012,4.162897269098718,66.66666666666666,0,54.0,0.2317596566523605,5
234,5.88,975.8350637000012,4.17023531495727,66.66666666666666,0,54.0,0.23076923076923078,5
235,2.94,978.7750637000013,4.165000271063835,33.33333333333333,0,54.0,0.2297872340425532,5
236,-0.47638,978.2986837000013,4.14533340550848,27.27272727272727,2,56.0,0.23728813559322035,5
237,5.88,984.1786837000013,4.152652673839668,66.66666666666666,0,56.0,0.23628691983122363,5
238,5.88,990.0586837000013,4.159910435714291,66.66666666666666,0,56.0,0.23529411764705882,5
239,5.53421,995.5928937000014,4.16566064309624,40.0,0,56.0,0.23430962343096234,5
240,5.88,1001.4728937000014,4.172803723750006,66.66666666666666,0,56.0,0.23333333333333334,5
241,5.31505,1006.7879437000014,4.177543334854778,28.57142857142857,0,56.0,0.23236514522821577,5
242,5.7624,1012.5503437000013,4.184092329338848,75.0,0,56.0,0.23140495867768596,5
243,2.55123,1015.1015737000014,4.177372731275726,33.33333333333333,1,57.0,0.2345679012345679,5
244,5.31505,1020.4166237000014,4.182035343032792,12.5,0,57.0,0.2336065573770492,5
245,5.88,1026.2966237000014,4.188965811020414,33.33333333333333,0,57.0,0.23265306122448978,5
246,5.88,1032.1766237000015,4.195839933739844,66.66666666666666,0,57.0,0.23170731707317074,5
247,5.88,1038.0566237000016,4.202658395546566,66.66666666666666,0,57.0,0.23076923076923078,5
248,5.88,1043.9366237000017,4.209421869758072,66.66666666666666,0,57.0,0.22983870967741934,5
249,5.20875,1049.1453737000018,4.2134352357429785,11.11111111111111,0,57.0,0.2289156626506024,5
250,5.7624,1054.9077737000018,4.2196310948000075,75.0,0,57.0,0.228,5
251,-3.43813,1051.4696437000018,4.189122086454191,30.0,0,57.0,0.22709163346613545,5
252,-0.800731,1050.6689127000018,4.169321082142864,38.46153846153847,0,57.0,0.2261904761904762,5
253,-3.76704,1046.9018727000018,4.137952066007912,62.5,1,58.0,0.22924901185770752,5
254,5.88,1052.781872700002,4.144810522440952,66.66666666666666,0,58.0,0.2283464566929134,5
255,4.68675,1057.468622700002,4.146935775294126,75.0,0,58.0,0.22745098039215686,5
256,5.88,1063.3486227000021,4.153705557421883,100.0,0,58.0,0.2265625,5
257,5.88,1069.2286227000022,4.160422656420242,100.0,0,58.0,0.22568093385214008,5
258,5.7624,1074.9910227000023,4.1666318709302415,100.0,0,58.0,0.2248062015503876,5
259,4.48233,1079.4733527000024,4.167850782625492,42.857142857142854,0,58.0,0.22393822393822393,5
260,-4.50372,1074.9696327000024,4.134498587307702,50.0,1,59.0,0.22692307692307692,5
261,1.60676,1076.5763927000023,4.124813765134109,37.5,1,60.0,0.22988505747126436,5
262,5.10458,1081.6809727000023,4.128553330916039,40.0,0,60.0,0.22900763358778625,5
263,-0.488384,1081.1925887000023,4.110998436121681,40.0,2,62.0,0.23574144486692014,5
264,5.88,1087.0725887000024,4.117699199621221,100.0,0,62.0,0.23484848484848486,5
265,5.64715,1092.7197387000024,4.1234707120754805,80.0,0,62.0,0.2339622641509434,12
266,2.49148,1095.2112187000023,4.117335408646625,50.0,1,63.0,0.23684210526315788,12
267,-3.74933,1091.4618887000022,4.087872242322105,55.55555555555556,1,64.0,0.2397003745318352,5
268,5.88,1097.3418887000023,4.0945592861940385,100.0,0,64.0,0.23880597014925373,5
269,5.88,1103.2218887000024,4.101196612267667,100.0,0,64.0,0.2379182156133829,5
270,4.35465,1107.5765387000024,4.102135328518528,75.0,0,64.0,0.23703703703703705,12
271,4.68675,1112.2632887000025,4.104292578228791,80.0,0,64.0,0.23616236162361623,12
272,1.03016,1113.2934487000025,4.092990620220597,33.33333333333333,1,65.0,0.23897058823529413,12
273,5.7624,1119.0558487000026,4.099105672893782,50.0,0,65.0,0.23809523809523808,5
274,5.7624,1124.8182487000026,4.105176090145995,100.0,0,65.0,0.23722627737226276,12
275,1.38456,1126.2028087000026,4.095282940727282,45.45454545454545,1,66.0,0.24,5
276,4.04209,1130.2448987000025,4.095090212681169,45.45454545454545,0,66.0,0.2391304347826087,12
277,5.64715,1135.8920487000025,4.100693316606507,80.0,0,66.0,0.23826714801444043,12
278,5.88,1141.7720487000026,4.107093700359722,100.0,0,66.0,0.23741007194244604,12
279,5.20875,1146.9807987000027,4.1110422892473215,44.44444444444444,0,66.0,0.23655913978494625,12
280,2.44165,1149.4224487000026,4.105080173928581,44.44444444444444,1,67.0,0.2392857142857143,5
281,5.7624,1155.1848487000027,4.110978109252678,75.0,0,67.0,0.23843416370106763,12
282,-8.10682,1147.0780287000027,4.067652584042563,27.27272727272727,2,69.0,0.24468085106382978,5
283,-5.33242,1141.7456087000028,4.034436779858667,25.0,1,70.0,0.24734982332155478,5
284,-1.01355,1140.7320587000029,4.016662178521137,33.33333333333333,1,71.0,0.25,5
285,-4.57642,1136.1556387000028,3.986511012982466,33.33333333333333,1,72.0,0.25263157894736843,5
286,-6.34923,1129.8064087000027,3.950372058391618,33.33333333333333,2,74.0,0.25874125874125875,5
287,-1.28377,1128.5226387000027,3.9321346296167343,30.0,2,76.0,0.26480836236933797,5
288,5.88,1134.4026387000029,3.9388980510416767,100.0,0,76.0,0.2638888888888889,5
289,1.29419,1135.696828700003,3.9297468121107366,36.36363636363637,1,77.0,0.2664359861591695,5
290,5.88,1141.576828700003,3.936471823103459,100.0,0,77.0,0.2655172413793103,12
291,5.88,1147.4568287000031,3.9431506140893577,100.0,0,77.0,0.2646048109965636,12
292,4.50116,1151.9579887000032,3.9450616051369973,42.857142857142854,0,77.0,0.2636986301369863,12
293,5.88,1157.8379887000033,3.9516654904436974,100.0,0,77.0,0.2627986348122867,12
294,3.45073,1161.2887187000033,3.949961628231304,62.5,0,77.0,0.2619047619047619,12
295,2.49148,1163.7801987000032,3.9450176227118754,62.5,1,78.0,0.26440677966101694,12
296,5.88,1169.6601987000033,3.951554725337849,100.0,0,78.0,0.2635135135135135,3
297,5.88,1175.5401987000034,3.958047807070719,100.0,0,78.0,0.26262626262626265,3
298,5.88,1181.4201987000035,3.9644973110738375,100.0,0,78.0,0.26174496644295303,2
299,2.55123,1183.9714287000036,3.959770664548507,55.55555555555556,1,79.0,0.26421404682274247,12
300,3.46994,1187.4413687000035,3.9581378956666784,25.0,2,81.0,0.27,2
301,4.57381,1192.0151787000036,3.9601833179402113,16.666666666666664,1,82.0,0.2724252491694352,2
302,4.48233,1196.4975087000037,3.9619122804635882,28.57142857142857,1,83.0,0.27483443708609273,2
303,-2.71176,1193.7857487000038,3.939886959405953,28.57142857142857,0,83.0,0.2739273927392739,2
304,4.57381,1198.3595587000038,3.941972232565802,33.33333333333333,1,84.0,0.27631578947368424,2
305,1.57462,1199.934178700004,3.934210421967226,44.44444444444444,2,86.0,0.2819672131147541,2
306,4.37386,1204.3080387000039,3.93564718529413,12.5,1,87.0,0.28431372549019607,2
307,5.31505,1209.6230887000038,3.9401403540716737,50.0,0,87.0,0.28338762214983715,2
308,-2.71176,1206.9113287000039,3.9185432750000126,42.857142857142854,0,87.0,0.2824675324675325,2
309,2.65642,1209.567748700004,3.9144587336569705,14.285714285714285,1,88.0,0.284789644012945,2
310,-2.60438,1206.963368700004,3.893430221612916,33.33333333333333,0,88.0,0.2838709677419355,2
311,3.23044,1210.193808700004,3.8912984202572476,27.27272727272727,2,90.0,0.28938906752411575,2
312,3.54076,1213.734568700004,3.8901748996795003,28.57142857142857,2,92.0,0.2948717948717949,2
313,5.7624,1219.4969687000041,3.89615644952078,50.0,0,92.0,0.2939297124600639,2
314,3.54076,1223.0377287000042,3.895024613694281,28.57142857142857,2,94.0,0.29936305732484075,2
315,5.88,1228.9177287000043,3.9013261228571565,66.66666666666666,0,94.0,0.2984126984126984,2
316,5.31505,1234.2327787000042,3.90579993259495,37.5,0,94.0,0.2974683544303797,2
317,5.7624,1239.9951787000043,3.9116567151419694,50.0,0,94.0,0.29652996845425866,2
318,4.37386,1244.3690387000042,3.913110184591208,12.5,1,95.0,0.29874213836477986,2
319,5.7624,1250.1314387000043,3.918907331347976,75.0,0,95.0,0.29780564263322884,2
320,4.20066,1254.3320987000043,3.9197878084375133,20.0,1,96.0,0.3,2
321,4.39269,1258.7247887000042,3.921261023987552,12.5,1,97.0,0.30218068535825543,2
322,5.53421,1264.2589987000042,3.9262701822981496,33.33333333333333,0,97.0,0.30124223602484473,2
323,5.7624,1270.0213987000043,3.931954794736855,100.0,0,97.0,0.30030959752321984,2
324,5.88,1275.9013987000044,3.937967279938285,66.66666666666666,0,97.0,0.2993827160493827,2
325,3.54076,1279.4421587000045,3.9367451036923216,14.285714285714285,2,99.0,0.3046153846153846,2
326,3.46994,1282.9120987000044,3.9353131861963324,12.5,2,101.0,0.3098159509202454,2
327,4.37386,1287.2859587000044,3.9366543079510836,37.5,1,102.0,0.3119266055045872,2
328,-3.5799,1283.7060587000044,3.913737983841477,25.0,1,103.0,0.31402439024390244,2
329,-2.60438,1281.1016787000044,3.8939260750760014,44.44444444444444,0,103.0,0.3130699088145897,2
330,-2.65753,1278.4441487000045,3.8740731778788016,37.5,0,103.0,0.31212121212121213,2
331,5.7624,1284.2065487000045,3.8797780927492584,50.0,0,103.0,0.311178247734139,2
332,-5.42795,1278.7785987000045,3.8517427671686884,33.33333333333333,1,104.0,0.3132530120481928,2
333,4.57381,1283.3524087000046,3.853911137237251,16.666666666666664,1,105.0,0.3153153153153153,2
334,4.37386,1287.7262687000045,3.855467870359295,12.5,1,106.0,0.31736526946107785,2
335,4.32291,1292.0491787000046,3.856863220000014,22.22222222222222,1,107.0,0.3194029850746269,2
336,5.53421,1297.5833887000047,3.861855323511919,50.0,0,107.0,0.31845238095238093,2
337,4.48233,1302.0657187000047,3.8636964946587677,14.285714285714285,1,108.0,0.32047477744807124,2
338,4.57381,1306.6395287000048,3.865797422189363,33.33333333333333,1,109.0,0.3224852071005917,2
339,4.37386,1311.0133887000047,3.867296131858421,25.0,1,110.0,0.32448377581120946,2
340,4.20066,1315.2140487000047,3.8682766138235434,40.0,1,111.0,0.3264705882352941,2
341,5.64715,1320.8611987000047,3.873493251319662,40.0,0,111.0,0.3255131964809384,2
342,3.40054,1324.2617387000048,3.8721103470760374,11.11111111111111,2,113.0,0.3304093567251462,2
343,-2.65753,1321.6042087000048,3.8530734947522007,37.5,0,113.0,0.3294460641399417,2
344,-2.71176,1318.892448700005,3.833989676453503,28.57142857142857,0,113.0,0.32848837209302323,2
345,3.46994,1322.3623887000049,3.8329344600000144,12.5,2,115.0,0.3333333333333333,2
346,3.46994,1325.8323287000048,3.8318853430635977,12.5,2,117.0,0.33815028901734107,2
347,5.88,1331.712328700005,3.837787690778112,66.66666666666666,0,117.0,0.3371757925072046,2
348,4.28639,1335.998718700005,3.8390767778735775,33.33333333333333,1,118.0,0.3390804597701149,2
349,2.59995,1338.598668700005,3.835526271346719,14.285714285714285,1,119.0,0.34097421203438394,2
350,5.53421,1344.132878700005,3.840379653428586,50.0,0,119.0,0.34,2
351,5.88,1350.012878700005,3.8461905376068524,100.0,0,119.0,0.33903133903133903,2
352,5.7624,1355.7752787000052,3.851634314488651,100.0,0,119.0,0.3380681818181818,2
353,5.7624,1361.5376787000052,3.8570472484419414,100.0,0,119.0,0.3371104815864023,2
354,5.7624,1367.3000787000053,3.8624296008474728,75.0,0,119.0,0.3361581920903955,2
355,5.88,1373.1800787000054,3.868112897746494,100.0,0,119.0,0.3352112676056338,2
356,5.64715,1378.8272287000054,3.8731101929775433,100.0,0,119.0,0.3342696629213483,2
357,5.7624,1384.5896287000055,3.878402321288531,100.0,0,119.0,0.3333333333333333,2
358,5.7624,1390.3520287000056,3.8836648846368873,100.0,0,119.0,0.3324022346368715,2
359,5.7624,1396.1144287000056,3.888898130083581,75.0,0,119.0,0.33147632311977715,2
360,5.88,1401.9944287000058,3.8944289686111273,100.0,0,119.0,0.33055555555555555,2
361,5.88,1407.8744287000059,3.8999291653739774,100.0,0,119.0,0.3296398891966759,2
362,5.7624,1413.636828700006,3.9050741124309556,100.0,0,119.0,0.3287292817679558,2
363,5.7624,1419.399228700006,3.910190712672193,100.0,0,119.0,0.3278236914600551,2
364,5.64715,1425.046378700006,3.91496257884617,100.0,0,119.0,0.3269230769230769,2
365,5.7624,1430.808778700006,3.920024051232893,100.0,0,119.0,0.32602739726027397,2
366,5.88,1436.6887787000062,3.9253791767759734,66.66666666666666,0,119.0,0.3251366120218579,2
367,5.88,1442.5687787000063,3.9307051190735867,100.0,0,119.0,0.3242506811989101,2
368,5.88,1448.4487787000064,3.936002116032626,100.0,0,119.0,0.3233695652173913,2
369,5.88,1454.3287787000065,3.9412704029810475,100.0,0,119.0,0.3224932249322493,2
370,5.7624,1460.0911787000066,3.9461923748648826,75.0,0,119.0,0.3216216216216216,2
371,5.88,1465.9711787000067,3.951404794339641,100.0,0,119.0,0.32075471698113206,2
372,5.88,1471.8511787000068,3.9565891900537817,100.0,0,119.0,0.31989247311827956,2
373,5.7624,1477.6135787000069,3.9614305058981416,100.0,0,119.0,0.3190348525469169,2
374,5.7624,1483.375978700007,3.96624593235296,100.0,0,119.0,0.3181818181818182,2
375,5.88,1489.255978700007,3.9713492765333522,100.0,0,119.0,0.31733333333333336,2
376,5.7624,1495.0183787000071,3.97611270930853,100.0,0,119.0,0.31648936170212766,2
377,5.64715,1500.6655287000071,3.980545168965536,75.0,0,119.0,0.3156498673740053,2
378,5.88,1506.5455287000073,3.985570181746051,100.0,0,119.0,0.3148148148148148,2
379,5.7624,1512.3079287000073,3.9902583870712593,100.0,0,119.0,0.31398416886543534,2
380,5.64715,1517.9550787000073,3.994618628157914,100.0,0,119.0,0.3131578947368421,2
381,5.88,1523.8350787000074,3.9995671356955578,100.0,0,119.0,0.3123359580052493,2
382,2.7671,1526.6021787000075,3.9963407819371923,33.33333333333333,0,119.0,0.31151832460732987,2
383,5.88,1532.4821787000076,4.001258952219341,100.0,0,119.0,0.31070496083550914,3
384,5.88,1538.3621787000077,4.00615150703127,100.0,0,119.0,0.3098958333333333,2
385,5.88,1544.2421787000078,4.011018645974047,100.0,0,119.0,0.3090909090909091,3
386,3.54076,1547.782938700008,4.009800359326445,33.33333333333333,2,121.0,0.3134715025906736,2
387,5.88,1553.662938700008,4.014632916537488,100.0,0,121.0,0.31266149870801035,2
388,5.88,1559.542938700008,4.019440563659814,100.0,0,121.0,0.3118556701030928,3
389,5.88,1565.4229387000082,4.0242234928020775,100.0,0,121.0,0.3110539845758355,2
390,5.88,1571.3029387000083,4.028981894102586,100.0,0,121.0,0.31025641025641026,3
391,4.57381,1575.8767487000084,4.030375316368308,80.0,0,121.0,0.309462915601023,2
392,5.7624,1581.6391487000085,4.034793746683695,100.0,0,121.0,0.3086734693877551,2
393,5.88,1587.5191487000086,4.039488927989844,100.0,0,121.0,0.30788804071246817,3
394,4.48233,1592.0014787000086,4.040612890101545,42.857142857142854,0,121.0,0.30710659898477155,2
395,5.7624,1597.7638787000087,4.044971844810148,75.0,0,121.0,0.30632911392405066,2
396,3.54076,1601.3046387000088,4.04369858257578,42.857142857142854,1,122.0,0.30808080808080807,2
397,5.88,1607.184638700009,4.048324026952163,100.0,0,122.0,0.30730478589420657,2
398,5.88,1613.064638700009,4.05292622788947,100.0,0,122.0,0.3065326633165829,5
399,5.88,1618.9446387000091,4.057505360150399,100.0,0,122.0,0.3057644110275689,5
400,5.88,1624.8246387000092,4.0620615967500235,100.0,0,122.0,0.305,9
401,5.88,1630.7046387000094,4.066595108977579,100.0,0,122.0,0.30423940149625933,9
402,5.20875,1635.9133887000094,4.069436290298531,66.66666666666666,0,122.0,0.3034825870646766,9
403,5.64715,1641.5605387000094,4.07335121265511,80.0,0,122.0,0.3027295285359802,5
404,5.7624,1647.3229387000094,4.077532026485172,100.0,0,122.0,0.30198019801980197,5
405,5.88,1653.2029387000096,4.081982564691382,100.0,0,122.0,0.3012345679012346,5
406,-3.78512,1649.4178187000095,4.062605464778349,28.57142857142857,1,123.0,0.30295566502463056,5
407,5.31505,1654.7328687000095,4.0656827240786475,25.0,0,123.0,0.3022113022113022,5
408,5.88,1660.6128687000096,4.070129580147082,100.0,0,123.0,0.3014705882352941,5
409,2.32755,1662.9404187000096,4.065868994376552,33.33333333333333,1,124.0,0.30317848410757947,5
410,-2.71176,1660.2286587000096,4.049338191951243,57.14285714285714,0,124.0,0.3024390243902439,5
411,2.49148,1662.7201387000096,4.045547782725084,50.0,1,125.0,0.30413625304136255,5
412,5.88,1668.6001387000097,4.050000336650509,100.0,0,125.0,0.30339805825242716,5
413,5.88,1674.4801387000098,4.054431328571452,100.0,0,125.0,0.3026634382566586,5
414,5.64715,1680.1272887000098,4.0582784751207965,100.0,0,125.0,0.30193236714975846,5
415,-0.903921,1679.2233677000097,4.046321367951831,71.42857142857143,0,125.0,0.30120481927710846,5
416,5.42352,1684.6468877000098,4.049631941586562,42.857142857142854,0,125.0,0.3004807692307692,6
417,5.88,1690.5268877000099,4.05402131342928,100.0,0,125.0,0.2997601918465228,2
418,5.31505,1695.8419377000098,4.057038128468923,50.0,0,125.0,0.29904306220095694,3
419,5.88,1701.72193770001,4.061388872792387,100.0,0,125.0,0.29832935560859186,5
420,5.7624,1707.48433770001,4.065438899285738,75.0,0,125.0,0.2976190476190476,5
421,5.42352,1712.90785770001,4.068664745130665,57.14285714285714,0,125.0,0.29691211401425177,5
422,5.88,1718.7878577000101,4.072957008767797,100.0,0,125.0,0.2962085308056872,5
423,5.53421,1724.3220677000102,4.076411507565036,50.0,0,125.0,0.29550827423167847,5
424,4.80439,1729.1264577000102,4.078128437971722,53.84615384615385,0,125.0,0.294811320754717,5
425,-0.903921,1728.22253670001,4.066405968705906,57.14285714285714,0,125.0,0.29411764705882354,6
426,5.42352,1733.6460567000101,4.06959168239439,57.14285714285714,0,125.0,0.2934272300469484,6
427,-2.71176,1730.9342967000102,4.053710296721335,50.0,0,125.0,0.2927400468384075,2
428,3.54076,1734.4750567000103,4.05251181471965,42.857142857142854,2,127.0,0.2967289719626168,2
429,5.42352,1739.8985767000104,4.055707637995362,57.14285714285714,0,127.0,0.29603729603729606,2
430,-2.35415,1737.5444267000105,4.040800992325606,35.714285714285715,0,127.0,0.29534883720930233,2
431,5.64715,1743.1915767000105,4.0445280201856395,80.0,0,127.0,0.29466357308584684,2
432,4.57381,1747.7653867000106,4.045753209953729,50.0,0,127.0,0.29398148148148145,2
433,4.90244,1752.6678267000107,4.047731701385706,58.333333333333336,0,127.0,0.29330254041570436,2
434,5.42352,1758.0913467000107,4.050901720506937,42.857142857142854,0,127.0,0.2926267281105991,2
435,5.88,1763.9713467000108,4.055106544137956,66.66666666666666,0,127.0,0.29195402298850576,2
436,5.88,1769.851346700011,4.059292079587181,66.66666666666666,0,127.0,0.29128440366972475,2
437,5.88,1775.731346700011,4.06345845926776,100.0,0,127.0,0.2906178489702517,2
438,5.88,1781.6113467000112,4.067605814383587,100.0,0,127.0,0.2899543378995434,2
439,5.88,1787.4913467000113,4.071734274943078,100.0,0,127.0,0.28929384965831434,2
440,5.42352,1792.9148667000113,4.074806515227299,28.57142857142857,0,127.0,0.28863636363636364,2
441,5.88,1798.7948667000114,4.078899924489821,100.0,0,127.0,0.28798185941043086,2
442,5.88,1804.6748667000115,4.082974811538488,100.0,0,127.0,0.2873303167420814,2
443,5.20875,1809.8836167000115,4.085516064785579,33.33333333333333,0,127.0,0.2866817155756208,2
444,5.53421,1815.4178267000116,4.08877888896399,66.66666666666666,0,127.0,0.28603603603603606,2
445,5.42352,1820.8413467000116,4.091778307191038,42.857142857142854,0,127.0,0.2853932584269663,2
446,-2.71176,1818.1295867000117,4.076523736995542,57.14285714285714,0,127.0,0.28475336322869954,2
447,5.53421,1823.6637967000117,4.079784780089512,66.66666666666666,0,127.0,0.2841163310961969,2
448,5.88,1829.5437967000119,4.083803117633955,100.0,0,127.0,0.28348214285714285,2
449,5.64715,1835.1909467000119,4.087284959242788,50.0,0,127.0,0.2828507795100223,2
450,5.88,1841.070946700012,4.091268770444471,100.0,0,127.0,0.2822222222222222,2
451,5.88,1846.950946700012,4.095234915077632,66.66666666666666,0,127.0,0.28159645232815966,2
452,5.7624,1852.7133467000122,4.0989233334071065,75.0,0,127.0,0.2809734513274336,2
453,4.48233,1857.1956767000122,4.099769705739542,14.285714285714285,1,128.0,0.282560706401766,2
454,5.88,1863.0756767000123,4.103690917841437,66.66666666666666,0,128.0,0.28193832599118945,2
455,5.7624,1868.8380767000124,4.1073364323077195,25.0,0,128.0,0.2813186813186813,2
456,5.88,1874.7180767000125,4.111223852412308,66.66666666666666,0,128.0,0.2807017543859649,2
457,5.88,1880.5980767000126,4.115094259737446,66.66666666666666,0,128.0,0.2800875273522976,2
458,5.7624,1886.3604767000127,4.1186909971615995,75.0,0,128.0,0.2794759825327511,2
459,5.64715,1892.0076267000127,4.122020973202642,40.0,0,128.0,0.2788671023965142,2
460,-4.50264,1887.5049867000128,4.103271710217419,37.5,2,130.0,0.2826086956521739,2
461,5.64715,1893.1521367000128,4.106620686984844,60.0,0,130.0,0.28199566160520606,2
462,5.88,1899.0321367000129,4.110459170346348,66.66666666666666,0,130.0,0.2813852813852814,2
463,5.88,1904.912136700013,4.114281072786205,66.66666666666666,0,130.0,0.28077753779697623,2
464,5.88,1910.792136700013,4.118086501508649,66.66666666666666,0,130.0,0.2801724137931034,2
465,5.88,1916.6721367000132,4.1218755627957275,66.66666666666666,0,130.0,0.27956989247311825,2
466,5.88,1922.5521367000133,4.125648362017196,66.66666666666666,0,130.0,0.27896995708154504,2
467,4.30483,1926.8569667000133,4.126032048608166,33.33333333333333,1,131.0,0.28051391862955033,2
468,4.57381,1931.4307767000134,4.126988839102593,50.0,1,132.0,0.28205128205128205,2
469,5.88,1937.3107767000135,4.130726602771884,66.66666666666666,0,132.0,0.2814498933901919,2
470,1.53108,1938.8418567000135,4.125195439787263,50.0,1,133.0,0.28297872340425534,2
471,5.88,1944.7218567000136,4.128921139490475,66.66666666666666,0,133.0,0.2823779193205945,2
472,5.64715,1950.3690067000136,4.132137726059351,40.0,0,133.0,0.2817796610169492,2
473,-3.59872,1946.7702867000137,4.115793417970431,25.0,1,134.0,0.2832980972515856,2
474,5.53421,1952.3044967000137,4.118785858016906,33.33333333333333,0,134.0,0.28270042194092826,2
475,5.88,1958.1844967000138,4.122493677263187,66.66666666666666,0,134.0,0.28210526315789475,2
476,4.57381,1962.758306700014,4.123441820798349,33.33333333333333,1,135.0,0.28361344537815125,2
477,5.88,1968.638306700014,4.127124332704432,66.66666666666666,0,135.0,0.2830188679245283,2
478,5.53421,1974.172516700014,4.1300680265690675,50.0,0,135.0,0.2824267782426778,2
479,5.7624,1979.9349167000141,4.133475817745333,75.0,0,135.0,0.2818371607515658,2
480,5.7624,1985.6973167000142,4.1368694097916965,75.0,0,135.0,0.28125,2
481,5.88,1991.5773167000143,4.140493381912711,66.66666666666666,0,135.0,0.2806652806652807,2
482,5.31505,1996.8923667000142,4.142930221369324,25.0,0,135.0,0.2800829875518672,2
483,5.53421,2002.4265767000143,4.145810717805412,33.33333333333333,0,135.0,0.2795031055900621,2
484,5.7624,2008.1889767000143,4.149150778305815,66.66666666666666,0,135.0,0.27892561983471076,2
485,5.88,2014.0689767000144,4.152719539587658,66.66666666666666,0,135.0,0.27835051546391754,2
486,5.7624,2019.8313767000145,4.1560316393004415,75.0,0,135.0,0.2777777777777778,2
487,5.88,2025.7113767000146,4.1595716154004405,66.66666666666666,0,135.0,0.27720739219712526,2
488,5.88,2031.5913767000147,4.163097083401669,66.66666666666666,0,135.0,0.2766393442622951,2
489,5.64715,2037.2385267000147,4.166131956441748,60.0,0,135.0,0.27607361963190186,2
490,5.64715,2042.8856767000148,4.1691544422449285,40.0,0,135.0,0.2755102040816326,2
491,4.57381,2047.4594867000148,4.169978587983737,33.33333333333333,1,136.0,0.2769857433808554,2
492,5.88,2053.3394867000147,4.173454241260193,66.66666666666666,0,136.0,0.2764227642276423,2
493,5.7624,2059.101886700015,4.176677254969604,75.0,0,136.0,0.27586206896551724,2
494,5.88,2064.981886700015,4.180125276720678,66.66666666666666,0,136.0,0.27530364372469635,2
495,5.31505,2070.296936700015,4.182418053939425,37.5,0,136.0,0.27474747474747474,2
496,-3.59872,2066.698216700015,4.166730275604869,50.0,1,137.0,0.2762096774193548,2
497,5.7624,2072.460616700015,4.169940878672063,50.0,0,137.0,0.27565392354124746,2
498,4.48233,2076.942946700015,4.170568166064287,14.285714285714285,1,138.0,0.27710843373493976,2
499,5.88,2082.822946700015,4.173993881162355,66.66666666666666,0,138.0,0.27655310621242485,2
500,5.88,2088.702946700015,4.177405893400031,66.66666666666666,0,138.0,0.276,2
