task_id,type,TaskHuman,GlobalSuccess,GlobalFail,FailedToGrasp,NoAttention,Evaluating,Tired,Recovery,RobotIntefered,WarningTheRobot,RobotIsWarned,TaskRobot,TaskHuman_avg,TaskHuman_avg,GlobalSuccess_avg,GlobalFail_avg,FailedToGrasp_avg,NoAttention_avg,Evaluating_avg,Tired_avg,Recovery_avg,RobotIntefered_avg,WarningTheRobot_avg,RobotIsWarned_avg,TaskRobot_avg
1,"""distracted_collaborative.POMDPx""",1,0,0,0,19,5,0,0,2,9,0,0,1.0,0.0,0.0,0.0,19.0,5.0,0.0,0.0,2.0,9.0,0.0,0.0
2,"""distracted_collaborative.POMDPx""",2,0,0,0,20,10,0,0,0,0,0,0,1.5,0.0,0.0,0.0,19.5,7.5,0.0,0.0,1.0,4.5,0.0,0.0
3,"""distracted_collaborative.POMDPx""",1,0,0,2,0,14,0,0,0,0,0,0,1.3333333333333333,0.0,0.0,0.6666666666666666,13.0,9.666666666666666,0.0,0.0,0.6666666666666666,3.0,0.0,0.0
4,"""distracted_collaborative.POMDPx""",1,0,0,0,13,8,0,0,11,0,0,0,1.25,0.0,0.0,0.5,13.0,9.25,0.0,0.0,3.25,2.25,0.0,0.0
5,"""distracted_collaborative.POMDPx""",1,0,0,0,9,8,0,0,0,10,0,0,1.2,0.0,0.0,0.4,12.2,9.0,0.0,0.0,2.6,3.8,0.0,0.0
6,"""distracted_collaborative.POMDPx""",1,0,0,0,5,26,0,0,10,2,0,0,1.1666666666666667,0.0,0.0,0.3333333333333333,11.0,11.833333333333334,0.0,0.0,3.8333333333333335,3.5,0.0,0.0
7,"""distracted_collaborative.POMDPx""",1,0,0,19,11,24,0,0,0,0,0,0,1.1428571428571428,0.0,0.0,3.0,11.0,13.571428571428571,0.0,0.0,3.2857142857142856,3.0,0.0,0.0
8,"""distracted_collaborative.POMDPx""",1,0,0,0,12,0,0,0,0,6,0,0,1.125,0.0,0.0,2.625,11.125,11.875,0.0,0.0,2.875,3.375,0.0,0.0
9,"""distracted_collaborative.POMDPx""",1,0,0,0,12,0,0,0,5,6,0,0,1.1111111111111112,0.0,0.0,2.3333333333333335,11.222222222222221,10.555555555555555,0.0,0.0,3.111111111111111,3.6666666666666665,0.0,0.0
10,"""distracted_collaborative.POMDPx""",1,0,0,0,0,2,0,0,0,0,0,0,1.1,0.0,0.0,2.1,10.1,9.7,0.0,0.0,2.8,3.3,0.0,0.0
11,"""distracted_collaborative.POMDPx""",1,0,0,0,0,39,0,0,0,0,0,0,1.0909090909090908,0.0,0.0,1.9090909090909092,9.181818181818182,12.363636363636363,0.0,0.0,2.5454545454545454,3.0,0.0,0.0
12,"""distracted_collaborative.POMDPx""",1,0,0,0,5,8,0,0,8,2,0,0,1.0833333333333333,0.0,0.0,1.75,8.833333333333334,12.0,0.0,0.0,3.0,2.9166666666666665,0.0,0.0
13,"""distracted_collaborative.POMDPx""",1,0,0,0,17,0,0,0,10,0,0,0,1.0769230769230769,0.0,0.0,1.6153846153846154,9.461538461538462,11.076923076923077,0.0,0.0,3.5384615384615383,2.6923076923076925,0.0,0.0
14,"""distracted_collaborative.POMDPx""",1,0,0,2,0,19,0,0,0,0,0,0,1.0714285714285714,0.0,0.0,1.6428571428571428,8.785714285714286,11.642857142857142,0.0,0.0,3.2857142857142856,2.5,0.0,0.0
15,"""distracted_collaborative.POMDPx""",3,0,0,0,21,0,0,0,12,0,0,0,1.2,0.0,0.0,1.5333333333333334,9.6,10.866666666666667,0.0,0.0,3.8666666666666667,2.3333333333333335,0.0,0.0
16,"""distracted_collaborative.POMDPx""",1,0,0,10,0,18,0,0,0,10,0,0,1.1875,0.0,0.0,2.0625,9.0,11.3125,0.0,0.0,3.625,2.8125,0.0,0.0
17,"""distracted_collaborative.POMDPx""",1,0,0,0,0,29,0,0,12,0,0,0,1.1764705882352942,0.0,0.0,1.9411764705882353,8.470588235294118,12.352941176470589,0.0,0.0,4.117647058823529,2.6470588235294117,0.0,0.0
18,"""distracted_collaborative.POMDPx""",1,0,0,0,10,13,0,0,12,0,0,0,1.1666666666666667,0.0,0.0,1.8333333333333333,8.555555555555555,12.38888888888889,0.0,0.0,4.555555555555555,2.5,0.0,0.0
19,"""distracted_collaborative.POMDPx""",1,0,0,0,16,14,0,0,10,2,0,0,1.1578947368421053,0.0,0.0,1.736842105263158,8.947368421052632,12.473684210526315,0.0,0.0,4.842105263157895,2.473684210526316,0.0,0.0
20,"""distracted_collaborative.POMDPx""",1,0,0,0,8,5,0,0,9,2,0,0,1.15,0.0,0.0,1.65,8.9,12.1,0.0,0.0,5.05,2.45,0.0,0.0
21,"""distracted_collaborative.POMDPx""",1,0,0,0,16,14,0,0,11,0,0,0,1.1428571428571428,0.0,0.0,1.5714285714285714,9.238095238095237,12.19047619047619,0.0,0.0,5.333333333333333,2.3333333333333335,0.0,0.0
22,"""distracted_collaborative.POMDPx""",1,0,0,0,0,14,0,0,0,0,0,0,1.1363636363636365,0.0,0.0,1.5,8.818181818181818,12.272727272727273,0.0,0.0,5.090909090909091,2.227272727272727,0.0,0.0
23,"""distracted_collaborative.POMDPx""",1,0,0,9,0,16,0,0,5,0,0,0,1.1304347826086956,0.0,0.0,1.826086956521739,8.434782608695652,12.434782608695652,0.0,0.0,5.086956521739131,2.130434782608696,0.0,0.0
24,"""distracted_collaborative.POMDPx""",1,0,0,0,0,22,0,0,0,0,0,0,1.125,0.0,0.0,1.75,8.083333333333334,12.833333333333334,0.0,0.0,4.875,2.0416666666666665,0.0,0.0
25,"""distracted_collaborative.POMDPx""",1,0,0,0,17,2,0,0,5,0,0,0,1.12,0.0,0.0,1.68,8.44,12.4,0.0,0.0,4.88,1.96,0.0,0.0
26,"""distracted_collaborative.POMDPx""",1,0,0,0,0,2,0,0,0,0,0,0,1.1153846153846154,0.0,0.0,1.6153846153846154,8.115384615384615,12.0,0.0,0.0,4.6923076923076925,1.8846153846153846,0.0,0.0
27,"""distracted_collaborative.POMDPx""",1,0,0,11,0,34,0,0,0,0,0,0,1.1111111111111112,0.0,0.0,1.962962962962963,7.814814814814815,12.814814814814815,0.0,0.0,4.518518518518518,1.8148148148148149,0.0,0.0
28,"""distracted_collaborative.POMDPx""",1,0,0,0,0,54,0,0,0,0,0,0,1.1071428571428572,0.0,0.0,1.8928571428571428,7.535714285714286,14.285714285714286,0.0,0.0,4.357142857142857,1.75,0.0,0.0
29,"""distracted_collaborative.POMDPx""",1,0,0,0,11,10,0,0,11,0,0,0,1.103448275862069,0.0,0.0,1.8275862068965518,7.655172413793103,14.137931034482758,0.0,0.0,4.586206896551724,1.6896551724137931,0.0,0.0
30,"""distracted_collaborative.POMDPx""",1,0,0,0,0,2,0,0,0,0,0,0,1.1,0.0,0.0,1.7666666666666666,7.4,13.733333333333333,0.0,0.0,4.433333333333334,1.6333333333333333,0.0,0.0
31,"""distracted_collaborative.POMDPx""",1,0,0,19,0,17,0,0,0,0,0,0,1.096774193548387,0.0,0.0,2.3225806451612905,7.161290322580645,13.838709677419354,0.0,0.0,4.290322580645161,1.5806451612903225,0.0,0.0
32,"""distracted_collaborative.POMDPx""",1,0,0,0,35,0,0,0,17,2,0,0,1.09375,0.0,0.0,2.25,8.03125,13.40625,0.0,0.0,4.6875,1.59375,0.0,0.0
33,"""distracted_collaborative.POMDPx""",1,0,0,6,10,15,0,0,5,2,0,0,1.0909090909090908,0.0,0.0,2.3636363636363638,8.090909090909092,13.454545454545455,0.0,0.0,4.696969696969697,1.606060606060606,0.0,0.0
34,"""distracted_collaborative.POMDPx""",1,0,0,0,32,5,0,0,0,0,0,0,1.088235294117647,0.0,0.0,2.2941176470588234,8.794117647058824,13.205882352941176,0.0,0.0,4.5588235294117645,1.5588235294117647,0.0,0.0
35,"""distracted_collaborative.POMDPx""",1,0,0,0,0,2,0,0,0,0,0,0,1.0857142857142856,0.0,0.0,2.2285714285714286,8.542857142857143,12.885714285714286,0.0,0.0,4.428571428571429,1.5142857142857142,0.0,0.0
36,"""distracted_collaborative.POMDPx""",1,0,0,0,0,3,0,0,0,0,0,0,1.0833333333333333,0.0,0.0,2.1666666666666665,8.305555555555555,12.61111111111111,0.0,0.0,4.305555555555555,1.4722222222222223,0.0,0.0
37,"""distracted_collaborative.POMDPx""",1,0,0,0,22,10,0,0,10,0,0,0,1.0810810810810811,0.0,0.0,2.108108108108108,8.675675675675675,12.54054054054054,0.0,0.0,4.45945945945946,1.4324324324324325,0.0,0.0
38,"""distracted_collaborative.POMDPx""",1,0,0,0,6,8,0,0,10,2,0,0,1.0789473684210527,0.0,0.0,2.0526315789473686,8.605263157894736,12.421052631578947,0.0,0.0,4.605263157894737,1.4473684210526316,0.0,0.0
39,"""distracted_collaborative.POMDPx""",3,0,0,0,33,0,0,0,18,0,0,0,1.1282051282051282,0.0,0.0,2.0,9.23076923076923,12.102564102564102,0.0,0.0,4.948717948717949,1.4102564102564104,0.0,0.0
40,"""distracted_collaborative.POMDPx""",1,0,0,0,0,9,0,0,0,0,0,0,1.125,0.0,0.0,1.95,9.0,12.025,0.0,0.0,4.825,1.375,0.0,0.0
41,"""distracted_collaborative.POMDPx""",1,0,0,0,0,15,0,0,0,0,0,0,1.1219512195121952,0.0,0.0,1.9024390243902438,8.78048780487805,12.097560975609756,0.0,0.0,4.7073170731707314,1.3414634146341464,0.0,0.0
42,"""distracted_collaborative.POMDPx""",1,0,0,0,12,0,0,0,11,0,0,0,1.119047619047619,0.0,0.0,1.8571428571428572,8.857142857142858,11.80952380952381,0.0,0.0,4.857142857142857,1.3095238095238095,0.0,0.0
43,"""distracted_collaborative.POMDPx""",1,0,0,5,17,17,0,0,5,0,0,0,1.1162790697674418,0.0,0.0,1.930232558139535,9.046511627906977,11.930232558139535,0.0,0.0,4.8604651162790695,1.2790697674418605,0.0,0.0
44,"""distracted_collaborative.POMDPx""",1,0,0,0,0,8,0,0,0,0,0,0,1.1136363636363635,0.0,0.0,1.8863636363636365,8.840909090909092,11.840909090909092,0.0,0.0,4.75,1.25,0.0,0.0
45,"""distracted_collaborative.POMDPx""",1,0,0,0,16,10,0,0,12,0,0,0,1.1111111111111112,0.0,0.0,1.8444444444444446,9.0,11.8,0.0,0.0,4.911111111111111,1.2222222222222223,0.0,0.0
46,"""distracted_collaborative.POMDPx""",1,0,0,7,7,27,0,0,0,0,0,0,1.108695652173913,0.0,0.0,1.9565217391304348,8.956521739130435,12.130434782608695,0.0,0.0,4.804347826086956,1.1956521739130435,0.0,0.0
47,"""distracted_collaborative.POMDPx""",1,0,0,0,25,8,0,0,11,0,0,0,1.1063829787234043,0.0,0.0,1.9148936170212767,9.297872340425531,12.042553191489361,0.0,0.0,4.9361702127659575,1.1702127659574468,0.0,0.0
48,"""distracted_collaborative.POMDPx""",1,0,0,0,0,3,0,0,0,0,0,0,1.1041666666666667,0.0,0.0,1.875,9.104166666666666,11.854166666666666,0.0,0.0,4.833333333333333,1.1458333333333333,0.0,0.0
49,"""distracted_collaborative.POMDPx""",1,0,0,0,0,6,0,0,0,0,0,0,1.1020408163265305,0.0,0.0,1.836734693877551,8.918367346938776,11.73469387755102,0.0,0.0,4.73469387755102,1.1224489795918366,0.0,0.0
50,"""distracted_collaborative.POMDPx""",2,0,0,22,6,0,0,0,11,0,0,0,1.12,0.0,0.0,2.24,8.86,11.5,0.0,0.0,4.86,1.1,0.0,0.0
51,"""expert_nontired_noncollaborative.POMDPx""",3,0,0,0,0,5,0,0,0,0,0,0,3.0,0.0,0.0,0.0,0.0,5.0,0.0,0.0,0.0,0.0,0.0,0.0
52,"""expert_nontired_noncollaborative.POMDPx""",2,0,0,0,0,2,25,0,0,4,5,0,2.5,0.0,0.0,0.0,0.0,3.5,12.5,0.0,0.0,2.0,2.5,0.0
53,"""expert_nontired_noncollaborative.POMDPx""",1,0,0,0,0,2,0,0,0,0,0,0,2.0,0.0,0.0,0.0,0.0,3.0,8.333333333333334,0.0,0.0,1.3333333333333333,1.6666666666666667,0.0
54,"""expert_nontired_noncollaborative.POMDPx""",1,0,0,0,0,2,0,0,0,0,0,0,1.75,0.0,0.0,0.0,0.0,2.75,6.25,0.0,0.0,1.0,1.25,0.0
55,"""expert_nontired_noncollaborative.POMDPx""",1,0,0,0,0,3,0,0,0,0,0,0,1.6,0.0,0.0,0.0,0.0,2.8,5.0,0.0,0.0,0.8,1.0,0.0
56,"""expert_nontired_noncollaborative.POMDPx""",1,0,0,0,0,2,0,0,0,0,0,0,1.5,0.0,0.0,0.0,0.0,2.6666666666666665,4.166666666666667,0.0,0.0,0.6666666666666666,0.8333333333333334,0.0
57,"""expert_nontired_noncollaborative.POMDPx""",1,0,0,0,0,0,25,6,0,2,0,0,1.4285714285714286,0.0,0.0,0.0,0.0,2.2857142857142856,7.142857142857143,0.8571428571428571,0.0,0.8571428571428571,0.7142857142857143,0.0
58,"""expert_nontired_noncollaborative.POMDPx""",2,0,0,0,0,7,0,0,0,0,0,0,1.5,0.0,0.0,0.0,0.0,2.875,6.25,0.75,0.0,0.75,0.625,0.0
59,"""expert_nontired_noncollaborative.POMDPx""",1,0,0,0,0,3,0,0,0,0,0,0,1.4444444444444444,0.0,0.0,0.0,0.0,2.888888888888889,5.555555555555555,0.6666666666666666,0.0,0.6666666666666666,0.5555555555555556,0.0
60,"""expert_nontired_noncollaborative.POMDPx""",1,0,0,0,0,3,0,0,0,0,0,0,1.4,0.0,0.0,0.0,0.0,2.9,5.0,0.6,0.0,0.6,0.5,0.0
61,"""expert_nontired_noncollaborative.POMDPx""",1,0,0,0,0,2,0,0,0,0,0,0,1.3636363636363635,0.0,0.0,0.0,0.0,2.8181818181818183,4.545454545454546,0.5454545454545454,0.0,0.5454545454545454,0.45454545454545453,0.0
62,"""expert_nontired_noncollaborative.POMDPx""",1,0,0,0,0,7,0,0,0,0,0,0,1.3333333333333333,0.0,0.0,0.0,0.0,3.1666666666666665,4.166666666666667,0.5,0.0,0.5,0.4166666666666667,0.0
63,"""expert_nontired_noncollaborative.POMDPx""",1,0,0,0,0,2,0,0,0,0,0,0,1.3076923076923077,0.0,0.0,0.0,0.0,3.076923076923077,3.8461538461538463,0.46153846153846156,0.0,0.46153846153846156,0.38461538461538464,0.0
64,"""expert_nontired_noncollaborative.POMDPx""",2,0,0,0,0,6,0,0,0,0,0,0,1.3571428571428572,0.0,0.0,0.0,0.0,3.2857142857142856,3.5714285714285716,0.42857142857142855,0.0,0.42857142857142855,0.35714285714285715,0.0
65,"""expert_nontired_noncollaborative.POMDPx""",2,0,0,0,0,6,0,0,0,0,0,0,1.4,0.0,0.0,0.0,0.0,3.466666666666667,3.3333333333333335,0.4,0.0,0.4,0.3333333333333333,0.0
66,"""expert_nontired_noncollaborative.POMDPx""",1,0,0,0,0,3,0,0,0,0,0,0,1.375,0.0,0.0,0.0,0.0,3.4375,3.125,0.375,0.0,0.375,0.3125,0.0
67,"""expert_nontired_noncollaborative.POMDPx""",1,0,0,0,0,2,0,0,0,0,0,0,1.3529411764705883,0.0,0.0,0.0,0.0,3.3529411764705883,2.9411764705882355,0.35294117647058826,0.0,0.35294117647058826,0.29411764705882354,0.0
68,"""expert_nontired_noncollaborative.POMDPx""",1,0,0,0,0,2,0,0,0,0,0,0,1.3333333333333333,0.0,0.0,0.0,0.0,3.2777777777777777,2.7777777777777777,0.3333333333333333,0.0,0.3333333333333333,0.2777777777777778,0.0
69,"""expert_nontired_noncollaborative.POMDPx""",3,0,0,0,0,6,0,0,0,0,0,0,1.4210526315789473,0.0,0.0,0.0,0.0,3.4210526315789473,2.6315789473684212,0.3157894736842105,0.0,0.3157894736842105,0.2631578947368421,0.0
70,"""expert_nontired_noncollaborative.POMDPx""",1,0,0,0,0,2,0,0,0,0,0,0,1.4,0.0,0.0,0.0,0.0,3.35,2.5,0.3,0.0,0.3,0.25,0.0
71,"""expert_nontired_noncollaborative.POMDPx""",1,0,0,0,0,8,0,0,0,0,0,0,1.380952380952381,0.0,0.0,0.0,0.0,3.5714285714285716,2.380952380952381,0.2857142857142857,0.0,0.2857142857142857,0.23809523809523808,0.0
72,"""expert_nontired_noncollaborative.POMDPx""",1,0,0,0,0,7,0,0,0,0,0,0,1.3636363636363635,0.0,0.0,0.0,0.0,3.727272727272727,2.272727272727273,0.2727272727272727,0.0,0.2727272727272727,0.22727272727272727,0.0
73,"""expert_nontired_noncollaborative.POMDPx""",1,0,0,0,0,5,12,0,0,4,5,0,1.3478260869565217,0.0,0.0,0.0,0.0,3.782608695652174,2.6956521739130435,0.2608695652173913,0.0,0.43478260869565216,0.43478260869565216,0.0
74,"""expert_nontired_noncollaborative.POMDPx""",1,0,0,0,0,8,0,0,0,0,0,0,1.3333333333333333,0.0,0.0,0.0,0.0,3.9583333333333335,2.5833333333333335,0.25,0.0,0.4166666666666667,0.4166666666666667,0.0
75,"""expert_nontired_noncollaborative.POMDPx""",1,0,0,0,0,3,0,0,0,0,0,0,1.32,0.0,0.0,0.0,0.0,3.92,2.48,0.24,0.0,0.4,0.4,0.0
76,"""expert_nontired_noncollaborative.POMDPx""",1,0,0,0,0,7,0,0,0,0,0,0,1.3076923076923077,0.0,0.0,0.0,0.0,4.038461538461538,2.3846153846153846,0.23076923076923078,0.0,0.38461538461538464,0.38461538461538464,0.0
77,"""expert_nontired_noncollaborative.POMDPx""",1,0,0,0,0,2,0,0,0,0,0,0,1.2962962962962963,0.0,0.0,0.0,0.0,3.962962962962963,2.2962962962962963,0.2222222222222222,0.0,0.37037037037037035,0.37037037037037035,0.0
78,"""expert_nontired_noncollaborative.POMDPx""",1,0,0,0,0,0,31,0,5,6,0,0,1.2857142857142858,0.0,0.0,0.0,0.0,3.8214285714285716,3.3214285714285716,0.21428571428571427,0.17857142857142858,0.5714285714285714,0.35714285714285715,0.0
79,"""expert_nontired_noncollaborative.POMDPx""",1,0,0,0,0,8,0,0,0,0,0,0,1.2758620689655173,0.0,0.0,0.0,0.0,3.9655172413793105,3.206896551724138,0.20689655172413793,0.1724137931034483,0.5517241379310345,0.3448275862068966,0.0
80,"""expert_nontired_noncollaborative.POMDPx""",1,0,0,0,0,7,0,0,0,0,0,0,1.2666666666666666,0.0,0.0,0.0,0.0,4.066666666666666,3.1,0.2,0.16666666666666666,0.5333333333333333,0.3333333333333333,0.0
81,"""expert_nontired_noncollaborative.POMDPx""",6,0,0,0,0,10,0,0,0,5,5,0,1.4193548387096775,0.0,0.0,0.0,0.0,4.258064516129032,3.0,0.1935483870967742,0.16129032258064516,0.6774193548387096,0.4838709677419355,0.0
82,"""expert_nontired_noncollaborative.POMDPx""",1,0,0,0,0,3,0,0,0,0,0,0,1.40625,0.0,0.0,0.0,0.0,4.21875,2.90625,0.1875,0.15625,0.65625,0.46875,0.0
83,"""expert_nontired_noncollaborative.POMDPx""",1,0,0,0,0,2,0,0,0,0,0,0,1.393939393939394,0.0,0.0,0.0,0.0,4.151515151515151,2.8181818181818183,0.18181818181818182,0.15151515151515152,0.6363636363636364,0.45454545454545453,0.0
84,"""expert_nontired_noncollaborative.POMDPx""",1,0,0,0,0,7,0,0,0,0,0,0,1.3823529411764706,0.0,0.0,0.0,0.0,4.235294117647059,2.735294117647059,0.17647058823529413,0.14705882352941177,0.6176470588235294,0.4411764705882353,0.0
85,"""expert_nontired_noncollaborative.POMDPx""",6,0,0,0,0,11,0,0,0,10,5,0,1.5142857142857142,0.0,0.0,0.0,0.0,4.428571428571429,2.657142857142857,0.17142857142857143,0.14285714285714285,0.8857142857142857,0.5714285714285714,0.0
86,"""expert_nontired_noncollaborative.POMDPx""",1,0,0,0,0,10,0,0,0,0,0,0,1.5,0.0,0.0,0.0,0.0,4.583333333333333,2.5833333333333335,0.16666666666666666,0.1388888888888889,0.8611111111111112,0.5555555555555556,0.0
87,"""expert_nontired_noncollaborative.POMDPx""",3,0,0,0,0,6,0,0,0,0,0,0,1.5405405405405406,0.0,0.0,0.0,0.0,4.621621621621622,2.5135135135135136,0.16216216216216217,0.13513513513513514,0.8378378378378378,0.5405405405405406,0.0
88,"""expert_nontired_noncollaborative.POMDPx""",1,0,0,0,0,3,0,0,0,0,0,0,1.5263157894736843,0.0,0.0,0.0,0.0,4.578947368421052,2.4473684210526314,0.15789473684210525,0.13157894736842105,0.8157894736842105,0.5263157894736842,0.0
89,"""expert_nontired_noncollaborative.POMDPx""",1,0,0,0,0,2,0,0,0,0,0,0,1.5128205128205128,0.0,0.0,0.0,0.0,4.512820512820513,2.3846153846153846,0.15384615384615385,0.1282051282051282,0.7948717948717948,0.5128205128205128,0.0
90,"""expert_nontired_noncollaborative.POMDPx""",1,0,0,0,0,2,0,0,0,0,0,0,1.5,0.0,0.0,0.0,0.0,4.45,2.325,0.15,0.125,0.775,0.5,0.0
91,"""expert_nontired_noncollaborative.POMDPx""",1,0,0,0,0,2,0,0,0,0,0,0,1.4878048780487805,0.0,0.0,0.0,0.0,4.390243902439025,2.268292682926829,0.14634146341463414,0.12195121951219512,0.7560975609756098,0.4878048780487805,0.0
92,"""expert_nontired_noncollaborative.POMDPx""",1,0,0,0,0,2,5,20,0,4,6,0,1.4761904761904763,0.0,0.0,0.0,0.0,4.333333333333333,2.3333333333333335,0.6190476190476191,0.11904761904761904,0.8333333333333334,0.6190476190476191,0.0
93,"""expert_nontired_noncollaborative.POMDPx""",1,0,0,0,0,7,0,0,0,0,0,0,1.4651162790697674,0.0,0.0,0.0,0.0,4.395348837209302,2.2790697674418605,0.6046511627906976,0.11627906976744186,0.813953488372093,0.6046511627906976,0.0
94,"""expert_nontired_noncollaborative.POMDPx""",1,0,0,0,0,8,0,0,0,0,0,0,1.4545454545454546,0.0,0.0,0.0,0.0,4.4772727272727275,2.227272727272727,0.5909090909090909,0.11363636363636363,0.7954545454545454,0.5909090909090909,0.0
95,"""expert_nontired_noncollaborative.POMDPx""",1,0,0,0,0,8,25,0,0,4,5,0,1.4444444444444444,0.0,0.0,0.0,0.0,4.555555555555555,2.7333333333333334,0.5777777777777777,0.1111111111111111,0.8666666666666667,0.6888888888888889,0.0
96,"""expert_nontired_noncollaborative.POMDPx""",1,0,0,0,0,13,5,0,0,5,0,0,1.434782608695652,0.0,0.0,0.0,0.0,4.739130434782608,2.782608695652174,0.5652173913043478,0.10869565217391304,0.9565217391304348,0.6739130434782609,0.0
97,"""expert_nontired_noncollaborative.POMDPx""",1,0,0,0,0,11,0,0,0,0,0,0,1.425531914893617,0.0,0.0,0.0,0.0,4.872340425531915,2.723404255319149,0.5531914893617021,0.10638297872340426,0.9361702127659575,0.6595744680851063,0.0
98,"""expert_nontired_noncollaborative.POMDPx""",1,0,0,0,0,2,5,5,5,0,5,0,1.4166666666666667,0.0,0.0,0.0,0.0,4.8125,2.7708333333333335,0.6458333333333334,0.20833333333333334,0.9166666666666666,0.75,0.0
99,"""expert_nontired_noncollaborative.POMDPx""",1,0,0,0,0,3,0,0,0,0,0,0,1.4081632653061225,0.0,0.0,0.0,0.0,4.775510204081633,2.7142857142857144,0.6326530612244898,0.20408163265306123,0.8979591836734694,0.7346938775510204,0.0
100,"""expert_nontired_noncollaborative.POMDPx""",1,0,0,0,0,0,25,0,0,9,2,0,1.4,0.0,0.0,0.0,0.0,4.68,3.16,0.62,0.2,1.06,0.76,0.0
101,"""beginner_tired_collaborative.POMDPx""",1,0,0,6,0,14,16,0,2,0,16,0,1.0,0.0,0.0,6.0,0.0,14.0,16.0,0.0,2.0,0.0,16.0,0.0
102,"""beginner_tired_collaborative.POMDPx""",1,0,0,9,11,19,0,0,15,0,0,0,1.0,0.0,0.0,7.5,5.5,16.5,8.0,0.0,8.5,0.0,8.0,0.0
103,"""beginner_tired_collaborative.POMDPx""",1,0,0,0,0,7,0,0,0,0,0,0,1.0,0.0,0.0,5.0,3.6666666666666665,13.333333333333334,5.333333333333333,0.0,5.666666666666667,0.0,5.333333333333333,0.0
104,"""beginner_tired_collaborative.POMDPx""",7,0,0,6,0,23,13,0,12,11,6,0,2.5,0.0,0.0,5.25,2.75,15.75,7.25,0.0,7.25,2.75,5.5,0.0
105,"""beginner_tired_collaborative.POMDPx""",2,0,0,0,0,2,10,0,4,5,5,0,2.4,0.0,0.0,4.2,2.2,13.0,7.8,0.0,6.6,3.2,5.4,0.0
106,"""beginner_tired_collaborative.POMDPx""",1,0,0,0,0,6,5,0,11,0,0,0,2.1666666666666665,0.0,0.0,3.5,1.8333333333333333,11.833333333333334,7.333333333333333,0.0,7.333333333333333,2.6666666666666665,4.5,0.0
107,"""beginner_tired_collaborative.POMDPx""",1,0,0,0,0,6,13,5,9,2,0,0,2.0,0.0,0.0,3.0,1.5714285714285714,11.0,8.142857142857142,0.7142857142857143,7.571428571428571,2.5714285714285716,3.857142857142857,0.0
108,"""beginner_tired_collaborative.POMDPx""",1,0,0,0,0,2,0,0,0,0,0,0,1.875,0.0,0.0,2.625,1.375,9.875,7.125,0.625,6.625,2.25,3.375,0.0
109,"""beginner_tired_collaborative.POMDPx""",1,0,0,0,0,5,10,0,12,0,0,0,1.7777777777777777,0.0,0.0,2.3333333333333335,1.2222222222222223,9.333333333333334,7.444444444444445,0.5555555555555556,7.222222222222222,2.0,3.0,0.0
110,"""beginner_tired_collaborative.POMDPx""",1,0,0,2,0,22,20,0,0,4,6,0,1.7,0.0,0.0,2.3,1.1,10.6,8.7,0.5,6.5,2.2,3.3,0.0
111,"""beginner_tired_collaborative.POMDPx""",1,0,0,0,0,0,5,17,11,0,0,0,1.6363636363636365,0.0,0.0,2.090909090909091,1.0,9.636363636363637,8.363636363636363,2.0,6.909090909090909,2.0,3.0,0.0
112,"""beginner_tired_collaborative.POMDPx""",1,0,0,6,0,17,5,0,5,3,6,0,1.5833333333333333,0.0,0.0,2.4166666666666665,0.9166666666666666,10.25,8.083333333333334,1.8333333333333333,6.75,2.0833333333333335,3.25,0.0
113,"""beginner_tired_collaborative.POMDPx""",1,0,0,6,0,17,4,0,0,0,0,0,1.5384615384615385,0.0,0.0,2.6923076923076925,0.8461538461538461,10.76923076923077,7.769230769230769,1.6923076923076923,6.230769230769231,1.9230769230769231,3.0,0.0
114,"""beginner_tired_collaborative.POMDPx""",1,0,0,0,0,10,15,0,19,4,5,0,1.5,0.0,0.0,2.5,0.7857142857142857,10.714285714285714,8.285714285714286,1.5714285714285714,7.142857142857143,2.0714285714285716,3.142857142857143,0.0
115,"""beginner_tired_collaborative.POMDPx""",2,0,0,0,0,10,0,0,11,0,0,0,1.5333333333333334,0.0,0.0,2.3333333333333335,0.7333333333333333,10.666666666666666,7.733333333333333,1.4666666666666666,7.4,1.9333333333333333,2.933333333333333,0.0
116,"""beginner_tired_collaborative.POMDPx""",1,0,0,0,0,3,0,0,0,0,0,0,1.5,0.0,0.0,2.1875,0.6875,10.1875,7.25,1.375,6.9375,1.8125,2.75,0.0
117,"""beginner_tired_collaborative.POMDPx""",1,0,0,6,0,18,5,0,5,0,0,0,1.4705882352941178,0.0,0.0,2.411764705882353,0.6470588235294118,10.647058823529411,7.117647058823529,1.2941176470588236,6.823529411764706,1.7058823529411764,2.588235294117647,0.0
118,"""beginner_tired_collaborative.POMDPx""",1,0,0,0,0,0,21,0,12,0,0,0,1.4444444444444444,0.0,0.0,2.2777777777777777,0.6111111111111112,10.055555555555555,7.888888888888889,1.2222222222222223,7.111111111111111,1.6111111111111112,2.4444444444444446,0.0
119,"""beginner_tired_collaborative.POMDPx""",1,0,0,0,0,5,11,0,11,0,0,0,1.4210526315789473,0.0,0.0,2.1578947368421053,0.5789473684210527,9.789473684210526,8.052631578947368,1.1578947368421053,7.315789473684211,1.5263157894736843,2.3157894736842106,0.0
120,"""beginner_tired_collaborative.POMDPx""",3,0,0,0,0,2,14,0,0,0,0,0,1.5,0.0,0.0,2.05,0.55,9.4,8.35,1.1,6.95,1.45,2.2,0.0
121,"""beginner_tired_collaborative.POMDPx""",1,0,0,0,0,8,5,9,9,2,0,0,1.4761904761904763,0.0,0.0,1.9523809523809523,0.5238095238095238,9.333333333333334,8.19047619047619,1.4761904761904763,7.0476190476190474,1.4761904761904763,2.0952380952380953,0.0
122,"""beginner_tired_collaborative.POMDPx""",1,0,0,0,0,0,10,0,12,0,0,0,1.4545454545454546,0.0,0.0,1.8636363636363635,0.5,8.909090909090908,8.272727272727273,1.4090909090909092,7.2727272727272725,1.4090909090909092,2.0,0.0
123,"""beginner_tired_collaborative.POMDPx""",3,0,0,6,0,17,0,0,12,0,0,0,1.5217391304347827,0.0,0.0,2.0434782608695654,0.4782608695652174,9.26086956521739,7.913043478260869,1.3478260869565217,7.478260869565218,1.3478260869565217,1.9130434782608696,0.0
124,"""beginner_tired_collaborative.POMDPx""",1,0,0,6,0,17,5,0,0,4,6,0,1.5,0.0,0.0,2.2083333333333335,0.4583333333333333,9.583333333333334,7.791666666666667,1.2916666666666667,7.166666666666667,1.4583333333333333,2.0833333333333335,0.0
125,"""beginner_tired_collaborative.POMDPx""",1,0,0,0,0,9,10,0,12,0,0,0,1.48,0.0,0.0,2.12,0.44,9.56,7.88,1.24,7.36,1.4,2.0,0.0
126,"""beginner_tired_collaborative.POMDPx""",1,0,0,6,0,15,5,5,12,0,0,0,1.4615384615384615,0.0,0.0,2.269230769230769,0.4230769230769231,9.76923076923077,7.769230769230769,1.3846153846153846,7.538461538461538,1.3461538461538463,1.9230769230769231,0.0
127,"""beginner_tired_collaborative.POMDPx""",1,0,0,13,0,19,5,0,6,4,6,0,1.4444444444444444,0.0,0.0,2.6666666666666665,0.4074074074074074,10.11111111111111,7.666666666666667,1.3333333333333333,7.481481481481482,1.4444444444444444,2.074074074074074,0.0
128,"""beginner_tired_collaborative.POMDPx""",6,0,0,6,0,14,5,0,8,4,2,0,1.6071428571428572,0.0,0.0,2.7857142857142856,0.39285714285714285,10.25,7.571428571428571,1.2857142857142858,7.5,1.5357142857142858,2.0714285714285716,0.0
129,"""beginner_tired_collaborative.POMDPx""",1,0,0,0,0,0,21,0,11,0,0,0,1.5862068965517242,0.0,0.0,2.689655172413793,0.3793103448275862,9.89655172413793,8.03448275862069,1.2413793103448276,7.620689655172414,1.4827586206896552,2.0,0.0
130,"""beginner_tired_collaborative.POMDPx""",1,0,0,0,0,0,30,13,2,5,4,0,1.5666666666666667,0.0,0.0,2.6,0.36666666666666664,9.566666666666666,8.766666666666667,1.6333333333333333,7.433333333333334,1.6,2.066666666666667,0.0
131,"""beginner_tired_collaborative.POMDPx""",3,0,0,0,0,2,14,0,5,0,0,0,1.6129032258064515,0.0,0.0,2.5161290322580645,0.3548387096774194,9.32258064516129,8.935483870967742,1.5806451612903225,7.354838709677419,1.5483870967741935,2.0,0.0
132,"""beginner_tired_collaborative.POMDPx""",1,0,0,0,0,0,4,16,12,0,0,0,1.59375,0.0,0.0,2.4375,0.34375,9.03125,8.78125,2.03125,7.5,1.5,1.9375,0.0
133,"""beginner_tired_collaborative.POMDPx""",1,0,0,6,0,15,12,0,0,5,5,0,1.5757575757575757,0.0,0.0,2.5454545454545454,0.3333333333333333,9.212121212121213,8.878787878787879,1.9696969696969697,7.2727272727272725,1.606060606060606,2.0303030303030303,0.0
134,"""beginner_tired_collaborative.POMDPx""",1,0,0,0,0,11,0,0,0,0,0,0,1.5588235294117647,0.0,0.0,2.4705882352941178,0.3235294117647059,9.264705882352942,8.617647058823529,1.911764705882353,7.0588235294117645,1.5588235294117647,1.9705882352941178,0.0
135,"""beginner_tired_collaborative.POMDPx""",1,0,0,6,5,15,0,0,9,2,0,0,1.542857142857143,0.0,0.0,2.5714285714285716,0.45714285714285713,9.428571428571429,8.371428571428572,1.8571428571428572,7.114285714285714,1.5714285714285714,1.9142857142857144,0.0
136,"""beginner_tired_collaborative.POMDPx""",1,0,0,0,0,12,0,0,0,0,0,0,1.5277777777777777,0.0,0.0,2.5,0.4444444444444444,9.5,8.13888888888889,1.8055555555555556,6.916666666666667,1.5277777777777777,1.8611111111111112,0.0
137,"""beginner_tired_collaborative.POMDPx""",1,0,0,0,0,2,19,0,4,5,5,0,1.5135135135135136,0.0,0.0,2.4324324324324325,0.43243243243243246,9.297297297297296,8.432432432432432,1.7567567567567568,6.837837837837838,1.6216216216216217,1.945945945945946,0.0
138,"""beginner_tired_collaborative.POMDPx""",1,0,0,6,0,15,5,5,11,0,0,0,1.5,0.0,0.0,2.526315789473684,0.42105263157894735,9.447368421052632,8.342105263157896,1.8421052631578947,6.947368421052632,1.5789473684210527,1.894736842105263,0.0
139,"""beginner_tired_collaborative.POMDPx""",1,0,0,0,0,2,0,0,0,0,0,0,1.4871794871794872,0.0,0.0,2.4615384615384617,0.41025641025641024,9.256410256410257,8.128205128205128,1.794871794871795,6.769230769230769,1.5384615384615385,1.8461538461538463,0.0
140,"""beginner_tired_collaborative.POMDPx""",1,0,0,0,0,0,11,0,11,0,0,0,1.475,0.0,0.0,2.4,0.4,9.025,8.2,1.75,6.875,1.5,1.8,0.0
141,"""beginner_tired_collaborative.POMDPx""",1,0,0,5,0,15,5,0,12,0,0,0,1.4634146341463414,0.0,0.0,2.4634146341463414,0.3902439024390244,9.170731707317072,8.121951219512194,1.7073170731707317,7.0,1.4634146341463414,1.7560975609756098,0.0
142,"""beginner_tired_collaborative.POMDPx""",1,0,0,11,0,27,0,0,6,5,5,0,1.4523809523809523,0.0,0.0,2.6666666666666665,0.38095238095238093,9.595238095238095,7.928571428571429,1.6666666666666667,6.976190476190476,1.5476190476190477,1.8333333333333333,0.0
143,"""beginner_tired_collaborative.POMDPx""",1,0,0,11,0,30,0,0,2,0,0,0,1.441860465116279,0.0,0.0,2.86046511627907,0.37209302325581395,10.069767441860465,7.744186046511628,1.627906976744186,6.8604651162790695,1.5116279069767442,1.7906976744186047,0.0
144,"""beginner_tired_collaborative.POMDPx""",2,0,0,0,0,6,0,0,0,0,0,0,1.4545454545454546,0.0,0.0,2.7954545454545454,0.36363636363636365,9.977272727272727,7.568181818181818,1.5909090909090908,6.704545454545454,1.4772727272727273,1.75,0.0
145,"""beginner_tired_collaborative.POMDPx""",1,0,0,0,0,6,5,4,10,2,0,0,1.4444444444444444,0.0,0.0,2.7333333333333334,0.35555555555555557,9.88888888888889,7.511111111111111,1.6444444444444444,6.777777777777778,1.488888888888889,1.711111111111111,0.0
146,"""beginner_tired_collaborative.POMDPx""",1,0,0,0,0,0,10,0,10,2,0,0,1.434782608695652,0.0,0.0,2.6739130434782608,0.34782608695652173,9.673913043478262,7.565217391304348,1.608695652173913,6.8478260869565215,1.5,1.673913043478261,0.0
147,"""beginner_tired_collaborative.POMDPx""",1,0,0,2,0,23,14,0,5,4,6,0,1.425531914893617,0.0,0.0,2.6595744680851063,0.3404255319148936,9.957446808510639,7.702127659574468,1.574468085106383,6.808510638297872,1.553191489361702,1.7659574468085106,0.0
148,"""beginner_tired_collaborative.POMDPx""",1,0,0,6,0,14,11,0,5,5,2,0,1.4166666666666667,0.0,0.0,2.7291666666666665,0.3333333333333333,10.041666666666666,7.770833333333333,1.5416666666666667,6.770833333333333,1.625,1.7708333333333333,0.0
149,"""beginner_tired_collaborative.POMDPx""",3,0,0,6,0,18,0,0,12,0,0,0,1.4489795918367347,0.0,0.0,2.795918367346939,0.32653061224489793,10.204081632653061,7.612244897959184,1.510204081632653,6.877551020408164,1.5918367346938775,1.7346938775510203,0.0
150,"""beginner_tired_collaborative.POMDPx""",1,0,0,6,0,17,0,0,0,0,0,0,1.44,0.0,0.0,2.86,0.32,10.34,7.46,1.48,6.74,1.56,1.7,0.0
151,"""beginner_nontired_noncollaborative.POMDPx""",2,0,0,20,0,33,0,0,0,0,0,0,2.0,0.0,0.0,20.0,0.0,33.0,0.0,0.0,0.0,0.0,0.0,0.0
152,"""beginner_nontired_noncollaborative.POMDPx""",2,0,0,8,0,32,0,0,0,0,0,0,2.0,0.0,0.0,14.0,0.0,32.5,0.0,0.0,0.0,0.0,0.0,0.0
153,"""beginner_nontired_noncollaborative.POMDPx""",2,0,0,26,0,14,0,0,0,2,0,0,2.0,0.0,0.0,18.0,0.0,26.333333333333332,0.0,0.0,0.0,0.6666666666666666,0.0,0.0
154,"""beginner_nontired_noncollaborative.POMDPx""",1,0,0,12,0,29,2,0,0,0,0,0,1.75,0.0,0.0,16.5,0.0,27.0,0.5,0.0,0.0,0.5,0.0,0.0
155,"""beginner_nontired_noncollaborative.POMDPx""",1,0,0,11,0,32,0,0,0,0,0,0,1.6,0.0,0.0,15.4,0.0,28.0,0.4,0.0,0.0,0.4,0.0,0.0
156,"""beginner_nontired_noncollaborative.POMDPx""",1,0,0,0,0,2,0,0,0,0,0,0,1.5,0.0,0.0,12.833333333333334,0.0,23.666666666666668,0.3333333333333333,0.0,0.0,0.3333333333333333,0.0,0.0
157,"""beginner_nontired_noncollaborative.POMDPx""",1,0,0,13,2,28,0,0,0,0,0,0,1.4285714285714286,0.0,0.0,12.857142857142858,0.2857142857142857,24.285714285714285,0.2857142857142857,0.0,0.0,0.2857142857142857,0.0,0.0
158,"""beginner_nontired_noncollaborative.POMDPx""",1,0,0,6,0,17,0,0,5,0,0,0,1.375,0.0,0.0,12.0,0.25,23.375,0.25,0.0,0.625,0.25,0.0,0.0
159,"""beginner_nontired_noncollaborative.POMDPx""",7,0,0,6,0,14,0,0,2,8,6,0,2.0,0.0,0.0,11.333333333333334,0.2222222222222222,22.333333333333332,0.2222222222222222,0.0,0.7777777777777778,1.1111111111111112,0.6666666666666666,0.0
160,"""beginner_nontired_noncollaborative.POMDPx""",1,0,0,0,0,6,0,0,0,0,0,0,1.9,0.0,0.0,10.2,0.2,20.7,0.2,0.0,0.7,1.0,0.6,0.0
161,"""beginner_nontired_noncollaborative.POMDPx""",1,0,0,0,0,2,0,0,0,0,0,0,1.8181818181818181,0.0,0.0,9.272727272727273,0.18181818181818182,19.0,0.18181818181818182,0.0,0.6363636363636364,0.9090909090909091,0.5454545454545454,0.0
162,"""beginner_nontired_noncollaborative.POMDPx""",1,0,0,0,0,6,0,0,0,0,0,0,1.75,0.0,0.0,8.5,0.16666666666666666,17.916666666666668,0.16666666666666666,0.0,0.5833333333333334,0.8333333333333334,0.5,0.0
163,"""beginner_nontired_noncollaborative.POMDPx""",1,0,0,0,0,3,0,0,0,0,0,0,1.6923076923076923,0.0,0.0,7.846153846153846,0.15384615384615385,16.76923076923077,0.15384615384615385,0.0,0.5384615384615384,0.7692307692307693,0.46153846153846156,0.0
164,"""beginner_nontired_noncollaborative.POMDPx""",1,0,0,0,0,3,0,0,0,0,0,0,1.6428571428571428,0.0,0.0,7.285714285714286,0.14285714285714285,15.785714285714286,0.14285714285714285,0.0,0.5,0.7142857142857143,0.42857142857142855,0.0
165,"""beginner_nontired_noncollaborative.POMDPx""",1,0,0,25,2,38,28,0,5,4,6,0,1.6,0.0,0.0,8.466666666666667,0.26666666666666666,17.266666666666666,2.0,0.0,0.8,0.9333333333333333,0.8,0.0
166,"""beginner_nontired_noncollaborative.POMDPx""",3,0,0,0,0,11,0,0,0,0,0,0,1.6875,0.0,0.0,7.9375,0.25,16.875,1.875,0.0,0.75,0.875,0.75,0.0
167,"""beginner_nontired_noncollaborative.POMDPx""",1,0,0,5,0,2,15,0,0,0,0,0,1.6470588235294117,0.0,0.0,7.764705882352941,0.23529411764705882,16.0,2.6470588235294117,0.0,0.7058823529411765,0.8235294117647058,0.7058823529411765,0.0
168,"""beginner_nontired_noncollaborative.POMDPx""",1,0,0,6,0,17,0,0,0,18,12,0,1.6111111111111112,0.0,0.0,7.666666666666667,0.2222222222222222,16.055555555555557,2.5,0.0,0.6666666666666666,1.7777777777777777,1.3333333333333333,0.0
169,"""beginner_nontired_noncollaborative.POMDPx""",1,0,0,0,0,3,0,0,0,0,0,0,1.5789473684210527,0.0,0.0,7.2631578947368425,0.21052631578947367,15.368421052631579,2.3684210526315788,0.0,0.631578947368421,1.6842105263157894,1.263157894736842,0.0
170,"""beginner_nontired_noncollaborative.POMDPx""",1,0,0,5,0,15,8,0,11,0,0,0,1.55,0.0,0.0,7.15,0.2,15.35,2.65,0.0,1.15,1.6,1.2,0.0
171,"""beginner_nontired_noncollaborative.POMDPx""",1,0,0,11,0,30,0,0,0,2,0,0,1.5238095238095237,0.0,0.0,7.333333333333333,0.19047619047619047,16.047619047619047,2.5238095238095237,0.0,1.0952380952380953,1.619047619047619,1.1428571428571428,0.0
172,"""beginner_nontired_noncollaborative.POMDPx""",1,0,0,8,0,34,0,0,0,0,0,0,1.5,0.0,0.0,7.363636363636363,0.18181818181818182,16.863636363636363,2.409090909090909,0.0,1.0454545454545454,1.5454545454545454,1.0909090909090908,0.0
173,"""beginner_nontired_noncollaborative.POMDPx""",2,0,0,6,0,33,0,0,2,0,0,0,1.5217391304347827,0.0,0.0,7.304347826086956,0.17391304347826086,17.565217391304348,2.3043478260869565,0.0,1.0869565217391304,1.4782608695652173,1.0434782608695652,0.0
174,"""beginner_nontired_noncollaborative.POMDPx""",1,0,0,9,0,31,0,0,0,0,2,0,1.5,0.0,0.0,7.375,0.16666666666666666,18.125,2.2083333333333335,0.0,1.0416666666666667,1.4166666666666667,1.0833333333333333,0.0
175,"""beginner_nontired_noncollaborative.POMDPx""",1,0,0,0,5,4,32,0,2,0,0,0,1.48,0.0,0.0,7.08,0.36,17.56,3.4,0.0,1.08,1.36,1.04,0.0
176,"""beginner_nontired_noncollaborative.POMDPx""",1,0,0,6,0,20,0,0,0,0,0,0,1.4615384615384615,0.0,0.0,7.038461538461538,0.34615384615384615,17.653846153846153,3.269230769230769,0.0,1.0384615384615385,1.3076923076923077,1.0,0.0
177,"""beginner_nontired_noncollaborative.POMDPx""",2,0,0,6,0,20,0,0,0,0,0,0,1.4814814814814814,0.0,0.0,7.0,0.3333333333333333,17.74074074074074,3.1481481481481484,0.0,1.0,1.2592592592592593,0.9629629629629629,0.0
178,"""beginner_nontired_noncollaborative.POMDPx""",1,0,0,12,0,30,0,0,0,0,0,0,1.4642857142857142,0.0,0.0,7.178571428571429,0.32142857142857145,18.178571428571427,3.0357142857142856,0.0,0.9642857142857143,1.2142857142857142,0.9285714285714286,0.0
179,"""beginner_nontired_noncollaborative.POMDPx""",3,0,0,6,2,18,0,0,0,0,0,0,1.5172413793103448,0.0,0.0,7.137931034482759,0.3793103448275862,18.17241379310345,2.9310344827586206,0.0,0.9310344827586207,1.1724137931034482,0.896551724137931,0.0
180,"""beginner_nontired_noncollaborative.POMDPx""",1,0,0,0,0,2,0,0,0,0,0,0,1.5,0.0,0.0,6.9,0.36666666666666664,17.633333333333333,2.8333333333333335,0.0,0.9,1.1333333333333333,0.8666666666666667,0.0
181,"""beginner_nontired_noncollaborative.POMDPx""",1,0,0,6,0,20,0,0,0,0,0,0,1.4838709677419355,0.0,0.0,6.870967741935484,0.3548387096774194,17.70967741935484,2.7419354838709675,0.0,0.8709677419354839,1.096774193548387,0.8387096774193549,0.0
182,"""beginner_nontired_noncollaborative.POMDPx""",1,0,0,12,0,29,0,0,0,11,2,0,1.46875,0.0,0.0,7.03125,0.34375,18.0625,2.65625,0.0,0.84375,1.40625,0.875,0.0
183,"""beginner_nontired_noncollaborative.POMDPx""",3,0,0,6,0,44,0,0,2,0,0,0,1.5151515151515151,0.0,0.0,7.0,0.3333333333333333,18.848484848484848,2.5757575757575757,0.0,0.8787878787878788,1.3636363636363635,0.8484848484848485,0.0
184,"""beginner_nontired_noncollaborative.POMDPx""",1,0,0,6,0,17,0,0,0,5,0,0,1.5,0.0,0.0,6.970588235294118,0.3235294117647059,18.794117647058822,2.5,0.0,0.8529411764705882,1.4705882352941178,0.8235294117647058,0.0
185,"""beginner_nontired_noncollaborative.POMDPx""",1,0,0,0,0,2,0,0,0,0,0,0,1.4857142857142858,0.0,0.0,6.771428571428571,0.3142857142857143,18.314285714285713,2.4285714285714284,0.0,0.8285714285714286,1.4285714285714286,0.8,0.0
186,"""beginner_nontired_noncollaborative.POMDPx""",3,0,0,6,0,22,25,0,0,0,0,0,1.5277777777777777,0.0,0.0,6.75,0.3055555555555556,18.416666666666668,3.0555555555555554,0.0,0.8055555555555556,1.3888888888888888,0.7777777777777778,0.0
187,"""beginner_nontired_noncollaborative.POMDPx""",1,0,0,15,0,19,0,0,0,2,0,0,1.5135135135135136,0.0,0.0,6.972972972972973,0.2972972972972973,18.43243243243243,2.972972972972973,0.0,0.7837837837837838,1.4054054054054055,0.7567567567567568,0.0
188,"""beginner_nontired_noncollaborative.POMDPx""",1,0,0,6,0,17,0,0,4,27,0,0,1.5,0.0,0.0,6.947368421052632,0.2894736842105263,18.394736842105264,2.8947368421052633,0.0,0.868421052631579,2.0789473684210527,0.7368421052631579,0.0
189,"""beginner_nontired_noncollaborative.POMDPx""",1,0,0,6,0,16,0,0,0,0,0,0,1.4871794871794872,0.0,0.0,6.923076923076923,0.28205128205128205,18.333333333333332,2.8205128205128207,0.0,0.8461538461538461,2.0256410256410255,0.717948717948718,0.0
190,"""beginner_nontired_noncollaborative.POMDPx""",1,0,0,0,0,3,0,0,0,0,0,0,1.475,0.0,0.0,6.75,0.275,17.95,2.75,0.0,0.825,1.975,0.7,0.0
191,"""beginner_nontired_noncollaborative.POMDPx""",6,0,0,0,0,2,0,0,4,21,6,0,1.5853658536585367,0.0,0.0,6.585365853658536,0.2682926829268293,17.5609756097561,2.682926829268293,0.0,0.9024390243902439,2.4390243902439024,0.8292682926829268,0.0
192,"""beginner_nontired_noncollaborative.POMDPx""",1,0,0,10,15,15,0,0,0,0,2,0,1.5714285714285714,0.0,0.0,6.666666666666667,0.6190476190476191,17.5,2.619047619047619,0.0,0.8809523809523809,2.380952380952381,0.8571428571428571,0.0
193,"""beginner_nontired_noncollaborative.POMDPx""",1,0,0,0,0,5,0,0,0,0,0,0,1.558139534883721,0.0,0.0,6.511627906976744,0.6046511627906976,17.209302325581394,2.558139534883721,0.0,0.8604651162790697,2.3255813953488373,0.8372093023255814,0.0
194,"""beginner_nontired_noncollaborative.POMDPx""",1,0,0,0,0,3,0,0,0,0,0,0,1.5454545454545454,0.0,0.0,6.363636363636363,0.5909090909090909,16.886363636363637,2.5,0.0,0.8409090909090909,2.272727272727273,0.8181818181818182,0.0
195,"""beginner_nontired_noncollaborative.POMDPx""",1,0,0,13,0,15,14,0,2,0,0,0,1.5333333333333334,0.0,0.0,6.511111111111111,0.5777777777777777,16.844444444444445,2.7555555555555555,0.0,0.8666666666666667,2.2222222222222223,0.8,0.0
196,"""beginner_nontired_noncollaborative.POMDPx""",1,0,0,0,0,22,0,0,5,4,0,0,1.5217391304347827,0.0,0.0,6.369565217391305,0.5652173913043478,16.956521739130434,2.6956521739130435,0.0,0.9565217391304348,2.260869565217391,0.782608695652174,0.0
197,"""beginner_nontired_noncollaborative.POMDPx""",1,0,0,23,0,30,0,0,0,2,0,0,1.5106382978723405,0.0,0.0,6.723404255319149,0.5531914893617021,17.23404255319149,2.6382978723404253,0.0,0.9361702127659575,2.25531914893617,0.7659574468085106,0.0
198,"""beginner_nontired_noncollaborative.POMDPx""",3,0,0,8,0,32,0,0,0,0,0,0,1.5416666666666667,0.0,0.0,6.75,0.5416666666666666,17.541666666666668,2.5833333333333335,0.0,0.9166666666666666,2.2083333333333335,0.75,0.0
199,"""beginner_nontired_noncollaborative.POMDPx""",1,0,0,0,0,3,0,0,0,0,0,0,1.530612244897959,0.0,0.0,6.612244897959184,0.5306122448979592,17.244897959183675,2.5306122448979593,0.0,0.8979591836734694,2.163265306122449,0.7346938775510204,0.0
200,"""beginner_nontired_noncollaborative.POMDPx""",1,0,0,0,0,2,0,0,0,0,0,0,1.52,0.0,0.0,6.48,0.52,16.94,2.48,0.0,0.88,2.12,0.72,0.0
201,"""expert_tired_collaborative.POMDPx""",1,0,0,0,0,2,0,0,0,0,0,0,1.0,0.0,0.0,0.0,0.0,2.0,0.0,0.0,0.0,0.0,0.0,0.0
202,"""expert_tired_collaborative.POMDPx""",1,0,0,0,0,7,0,0,0,0,0,0,1.0,0.0,0.0,0.0,0.0,4.5,0.0,0.0,0.0,0.0,0.0,0.0
203,"""expert_tired_collaborative.POMDPx""",2,0,0,0,0,2,9,0,5,4,0,0,1.3333333333333333,0.0,0.0,0.0,0.0,3.6666666666666665,3.0,0.0,1.6666666666666667,1.3333333333333333,0.0,0.0
204,"""expert_tired_collaborative.POMDPx""",1,0,0,0,0,2,0,0,0,0,0,0,1.25,0.0,0.0,0.0,0.0,3.25,2.25,0.0,1.25,1.0,0.0,0.0
205,"""expert_tired_collaborative.POMDPx""",1,0,0,0,0,2,0,0,0,0,0,0,1.2,0.0,0.0,0.0,0.0,3.0,1.8,0.0,1.0,0.8,0.0,0.0
206,"""expert_tired_collaborative.POMDPx""",1,0,0,0,0,2,10,0,0,0,0,0,1.1666666666666667,0.0,0.0,0.0,0.0,2.8333333333333335,3.1666666666666665,0.0,0.8333333333333334,0.6666666666666666,0.0,0.0
207,"""expert_tired_collaborative.POMDPx""",1,0,0,0,0,0,6,21,12,0,0,0,1.1428571428571428,0.0,0.0,0.0,0.0,2.4285714285714284,3.5714285714285716,3.0,2.4285714285714284,0.5714285714285714,0.0,0.0
208,"""expert_tired_collaborative.POMDPx""",13,0,0,0,0,2,0,0,0,8,0,0,2.625,0.0,0.0,0.0,0.0,2.375,3.125,2.625,2.125,1.5,0.0,0.0
209,"""expert_tired_collaborative.POMDPx""",1,0,0,0,0,3,0,0,0,0,0,0,2.4444444444444446,0.0,0.0,0.0,0.0,2.4444444444444446,2.7777777777777777,2.3333333333333335,1.8888888888888888,1.3333333333333333,0.0,0.0
210,"""expert_tired_collaborative.POMDPx""",1,0,0,0,0,2,6,30,4,0,0,0,2.3,0.0,0.0,0.0,0.0,2.4,3.1,5.1,2.1,1.2,0.0,0.0
211,"""expert_tired_collaborative.POMDPx""",1,0,0,0,0,3,0,0,0,0,0,0,2.1818181818181817,0.0,0.0,0.0,0.0,2.4545454545454546,2.8181818181818183,4.636363636363637,1.9090909090909092,1.0909090909090908,0.0,0.0
212,"""expert_tired_collaborative.POMDPx""",1,0,0,0,0,3,0,0,0,0,0,0,2.0833333333333335,0.0,0.0,0.0,0.0,2.5,2.5833333333333335,4.25,1.75,1.0,0.0,0.0
213,"""expert_tired_collaborative.POMDPx""",2,0,0,0,0,2,13,0,0,0,0,0,2.076923076923077,0.0,0.0,0.0,0.0,2.4615384615384617,3.3846153846153846,3.923076923076923,1.6153846153846154,0.9230769230769231,0.0,0.0
214,"""expert_tired_collaborative.POMDPx""",8,0,0,0,0,2,23,0,5,0,0,0,2.5,0.0,0.0,0.0,0.0,2.4285714285714284,4.785714285714286,3.642857142857143,1.8571428571428572,0.8571428571428571,0.0,0.0
215,"""expert_tired_collaborative.POMDPx""",1,0,0,0,0,3,0,0,0,0,0,0,2.4,0.0,0.0,0.0,0.0,2.466666666666667,4.466666666666667,3.4,1.7333333333333334,0.8,0.0,0.0
216,"""expert_tired_collaborative.POMDPx""",1,0,0,2,0,15,0,0,0,0,0,0,2.3125,0.0,0.0,0.125,0.0,3.25,4.1875,3.1875,1.625,0.75,0.0,0.0
217,"""expert_tired_collaborative.POMDPx""",3,0,0,0,0,10,0,0,0,0,0,0,2.3529411764705883,0.0,0.0,0.11764705882352941,0.0,3.6470588235294117,3.9411764705882355,3.0,1.5294117647058822,0.7058823529411765,0.0,0.0
218,"""expert_tired_collaborative.POMDPx""",1,0,0,0,0,2,9,0,0,0,0,0,2.2777777777777777,0.0,0.0,0.1111111111111111,0.0,3.5555555555555554,4.222222222222222,2.8333333333333335,1.4444444444444444,0.6666666666666666,0.0,0.0
219,"""expert_tired_collaborative.POMDPx""",1,0,0,0,0,5,11,0,12,0,0,0,2.210526315789474,0.0,0.0,0.10526315789473684,0.0,3.6315789473684212,4.578947368421052,2.6842105263157894,2.0,0.631578947368421,0.0,0.0
220,"""expert_tired_collaborative.POMDPx""",1,0,0,0,0,2,16,0,0,36,0,0,2.15,0.0,0.0,0.1,0.0,3.55,5.15,2.55,1.9,2.4,0.0,0.0
221,"""expert_tired_collaborative.POMDPx""",2,0,0,0,0,10,0,0,0,0,0,0,2.142857142857143,0.0,0.0,0.09523809523809523,0.0,3.857142857142857,4.904761904761905,2.4285714285714284,1.8095238095238095,2.2857142857142856,0.0,0.0
222,"""expert_tired_collaborative.POMDPx""",3,0,0,0,15,2,0,0,0,0,0,0,2.1818181818181817,0.0,0.0,0.09090909090909091,0.6818181818181818,3.772727272727273,4.681818181818182,2.3181818181818183,1.7272727272727273,2.1818181818181817,0.0,0.0
223,"""expert_tired_collaborative.POMDPx""",1,0,0,0,0,3,0,0,0,0,0,0,2.130434782608696,0.0,0.0,0.08695652173913043,0.6521739130434783,3.739130434782609,4.478260869565218,2.217391304347826,1.6521739130434783,2.0869565217391304,0.0,0.0
224,"""expert_tired_collaborative.POMDPx""",1,0,0,0,0,2,5,11,0,4,0,0,2.0833333333333335,0.0,0.0,0.08333333333333333,0.625,3.6666666666666665,4.5,2.5833333333333335,1.5833333333333333,2.1666666666666665,0.0,0.0
225,"""expert_tired_collaborative.POMDPx""",1,0,0,0,0,3,0,0,0,0,0,0,2.04,0.0,0.0,0.08,0.6,3.64,4.32,2.48,1.52,2.08,0.0,0.0
226,"""expert_tired_collaborative.POMDPx""",1,0,0,0,0,5,0,0,0,0,0,0,2.0,0.0,0.0,0.07692307692307693,0.5769230769230769,3.6923076923076925,4.153846153846154,2.3846153846153846,1.4615384615384615,2.0,0.0,0.0
227,"""expert_tired_collaborative.POMDPx""",1,0,0,0,0,2,0,0,0,0,0,0,1.962962962962963,0.0,0.0,0.07407407407407407,0.5555555555555556,3.6296296296296298,4.0,2.2962962962962963,1.4074074074074074,1.9259259259259258,0.0,0.0
228,"""expert_tired_collaborative.POMDPx""",1,0,0,0,0,2,11,0,10,0,0,0,1.9285714285714286,0.0,0.0,0.07142857142857142,0.5357142857142857,3.5714285714285716,4.25,2.2142857142857144,1.7142857142857142,1.8571428571428572,0.0,0.0
229,"""expert_tired_collaborative.POMDPx""",1,0,0,0,0,3,0,0,0,0,0,0,1.896551724137931,0.0,0.0,0.06896551724137931,0.5172413793103449,3.5517241379310347,4.103448275862069,2.1379310344827585,1.6551724137931034,1.793103448275862,0.0,0.0
230,"""expert_tired_collaborative.POMDPx""",5,0,0,0,0,0,9,6,11,0,0,0,2.0,0.0,0.0,0.06666666666666667,0.5,3.433333333333333,4.266666666666667,2.2666666666666666,1.9666666666666666,1.7333333333333334,0.0,0.0
231,"""expert_tired_collaborative.POMDPx""",1,0,0,0,0,3,0,0,0,0,0,0,1.967741935483871,0.0,0.0,0.06451612903225806,0.4838709677419355,3.4193548387096775,4.129032258064516,2.193548387096774,1.903225806451613,1.6774193548387097,0.0,0.0
232,"""expert_tired_collaborative.POMDPx""",1,0,0,0,0,0,6,15,11,0,0,0,1.9375,0.0,0.0,0.0625,0.46875,3.3125,4.1875,2.59375,2.1875,1.625,0.0,0.0
233,"""expert_tired_collaborative.POMDPx""",1,0,0,0,0,3,0,0,0,0,0,0,1.9090909090909092,0.0,0.0,0.06060606060606061,0.45454545454545453,3.303030303030303,4.0606060606060606,2.515151515151515,2.121212121212121,1.5757575757575757,0.0,0.0
234,"""expert_tired_collaborative.POMDPx""",1,0,0,0,0,2,4,0,0,0,0,0,1.8823529411764706,0.0,0.0,0.058823529411764705,0.4411764705882353,3.264705882352941,4.0588235294117645,2.4411764705882355,2.0588235294117645,1.5294117647058822,0.0,0.0
235,"""expert_tired_collaborative.POMDPx""",1,0,0,0,0,0,11,0,11,0,0,0,1.8571428571428572,0.0,0.0,0.05714285714285714,0.42857142857142855,3.1714285714285713,4.257142857142857,2.3714285714285714,2.3142857142857145,1.4857142857142858,0.0,0.0
236,"""expert_tired_collaborative.POMDPx""",1,0,0,0,0,2,0,0,0,0,0,0,1.8333333333333333,0.0,0.0,0.05555555555555555,0.4166666666666667,3.138888888888889,4.138888888888889,2.3055555555555554,2.25,1.4444444444444444,0.0,0.0
237,"""expert_tired_collaborative.POMDPx""",1,0,0,0,0,3,0,0,0,0,0,0,1.8108108108108107,0.0,0.0,0.05405405405405406,0.40540540540540543,3.135135135135135,4.027027027027027,2.2432432432432434,2.189189189189189,1.4054054054054055,0.0,0.0
238,"""expert_tired_collaborative.POMDPx""",1,0,0,0,0,0,20,0,10,2,0,0,1.7894736842105263,0.0,0.0,0.05263157894736842,0.39473684210526316,3.0526315789473686,4.447368421052632,2.1842105263157894,2.3947368421052633,1.4210526315789473,0.0,0.0
239,"""expert_tired_collaborative.POMDPx""",1,0,0,0,0,3,0,0,0,0,0,0,1.7692307692307692,0.0,0.0,0.05128205128205128,0.38461538461538464,3.051282051282051,4.333333333333333,2.128205128205128,2.3333333333333335,1.3846153846153846,0.0,0.0
240,"""expert_tired_collaborative.POMDPx""",1,0,0,0,0,2,0,0,0,0,0,0,1.75,0.0,0.0,0.05,0.375,3.025,4.225,2.075,2.275,1.35,0.0,0.0
241,"""expert_tired_collaborative.POMDPx""",2,0,0,0,0,11,5,5,0,5,9,0,1.7560975609756098,0.0,0.0,0.04878048780487805,0.36585365853658536,3.2195121951219514,4.2439024390243905,2.1463414634146343,2.2195121951219514,1.4390243902439024,0.21951219512195122,0.0
242,"""expert_tired_collaborative.POMDPx""",1,0,0,0,0,3,0,0,0,0,0,0,1.7380952380952381,0.0,0.0,0.047619047619047616,0.35714285714285715,3.2142857142857144,4.142857142857143,2.0952380952380953,2.1666666666666665,1.4047619047619047,0.21428571428571427,0.0
243,"""expert_tired_collaborative.POMDPx""",1,0,0,0,0,3,0,0,0,0,0,0,1.7209302325581395,0.0,0.0,0.046511627906976744,0.3488372093023256,3.2093023255813953,4.046511627906977,2.046511627906977,2.116279069767442,1.372093023255814,0.20930232558139536,0.0
244,"""expert_tired_collaborative.POMDPx""",1,0,0,0,0,2,0,0,0,0,0,0,1.7045454545454546,0.0,0.0,0.045454545454545456,0.3409090909090909,3.1818181818181817,3.9545454545454546,2.0,2.0681818181818183,1.3409090909090908,0.20454545454545456,0.0
245,"""expert_tired_collaborative.POMDPx""",2,0,0,0,0,9,5,0,11,0,0,0,1.711111111111111,0.0,0.0,0.044444444444444446,0.3333333333333333,3.311111111111111,3.977777777777778,1.9555555555555555,2.2666666666666666,1.3111111111111111,0.2,0.0
246,"""expert_tired_collaborative.POMDPx""",1,0,0,5,0,2,26,0,9,0,0,0,1.6956521739130435,0.0,0.0,0.15217391304347827,0.32608695652173914,3.282608695652174,4.456521739130435,1.9130434782608696,2.4130434782608696,1.2826086956521738,0.1956521739130435,0.0
247,"""expert_tired_collaborative.POMDPx""",1,0,0,0,0,0,5,15,4,30,0,0,1.6808510638297873,0.0,0.0,0.14893617021276595,0.3191489361702128,3.2127659574468086,4.468085106382978,2.1914893617021276,2.4468085106382977,1.8936170212765957,0.19148936170212766,0.0
248,"""expert_tired_collaborative.POMDPx""",1,0,0,0,0,3,0,0,0,0,0,0,1.6666666666666667,0.0,0.0,0.14583333333333334,0.3125,3.2083333333333335,4.375,2.1458333333333335,2.3958333333333335,1.8541666666666667,0.1875,0.0
249,"""expert_tired_collaborative.POMDPx""",1,0,0,0,0,2,6,10,4,0,0,0,1.653061224489796,0.0,0.0,0.14285714285714285,0.30612244897959184,3.183673469387755,4.408163265306122,2.306122448979592,2.4285714285714284,1.816326530612245,0.1836734693877551,0.0
250,"""expert_tired_collaborative.POMDPx""",2,0,0,0,0,2,19,0,5,4,5,0,1.66,0.0,0.0,0.14,0.3,3.16,4.7,2.26,2.48,1.86,0.28,0.0
251,"""distracted_noncollaborative.POMDPx""",1,0,0,0,10,18,10,0,0,5,2,0,1.0,0.0,0.0,0.0,10.0,18.0,10.0,0.0,0.0,5.0,2.0,0.0
252,"""distracted_noncollaborative.POMDPx""",3,0,0,2,21,15,0,0,0,0,0,0,2.0,0.0,0.0,1.0,15.5,16.5,5.0,0.0,0.0,2.5,1.0,0.0
253,"""distracted_noncollaborative.POMDPx""",1,0,0,0,0,3,0,0,0,0,0,0,1.6666666666666667,0.0,0.0,0.6666666666666666,10.333333333333334,12.0,3.3333333333333335,0.0,0.0,1.6666666666666667,0.6666666666666666,0.0
254,"""distracted_noncollaborative.POMDPx""",1,0,0,6,0,17,8,0,0,10,4,0,1.5,0.0,0.0,2.0,7.75,13.25,4.5,0.0,0.0,3.75,1.5,0.0
255,"""distracted_noncollaborative.POMDPx""",1,0,0,0,33,10,0,0,0,0,0,0,1.4,0.0,0.0,1.6,12.8,12.6,3.6,0.0,0.0,3.0,1.2,0.0
256,"""distracted_noncollaborative.POMDPx""",1,0,0,0,0,3,0,0,0,0,0,0,1.3333333333333333,0.0,0.0,1.3333333333333333,10.666666666666666,11.0,3.0,0.0,0.0,2.5,1.0,0.0
257,"""distracted_noncollaborative.POMDPx""",1,0,0,0,6,14,0,0,0,0,0,0,1.2857142857142858,0.0,0.0,1.1428571428571428,10.0,11.428571428571429,2.5714285714285716,0.0,0.0,2.142857142857143,0.8571428571428571,0.0
258,"""distracted_noncollaborative.POMDPx""",1,0,0,0,0,3,0,0,0,0,0,0,1.25,0.0,0.0,1.0,8.75,10.375,2.25,0.0,0.0,1.875,0.75,0.0
259,"""distracted_noncollaborative.POMDPx""",1,0,0,0,15,15,0,0,0,0,0,0,1.2222222222222223,0.0,0.0,0.8888888888888888,9.444444444444445,10.88888888888889,2.0,0.0,0.0,1.6666666666666667,0.6666666666666666,0.0
260,"""distracted_noncollaborative.POMDPx""",1,0,0,0,10,10,0,0,0,0,0,0,1.2,0.0,0.0,0.8,9.5,10.8,1.8,0.0,0.0,1.5,0.6,0.0
261,"""distracted_noncollaborative.POMDPx""",1,0,0,9,10,23,0,0,0,13,0,0,1.1818181818181819,0.0,0.0,1.5454545454545454,9.545454545454545,11.909090909090908,1.6363636363636365,0.0,0.0,2.5454545454545454,0.5454545454545454,0.0
262,"""distracted_noncollaborative.POMDPx""",1,0,0,14,0,23,0,0,0,4,2,0,1.1666666666666667,0.0,0.0,2.5833333333333335,8.75,12.833333333333334,1.5,0.0,0.0,2.6666666666666665,0.6666666666666666,0.0
263,"""distracted_noncollaborative.POMDPx""",1,0,0,0,15,15,0,0,0,0,0,0,1.1538461538461537,0.0,0.0,2.3846153846153846,9.23076923076923,13.0,1.3846153846153846,0.0,0.0,2.4615384615384617,0.6153846153846154,0.0
264,"""distracted_noncollaborative.POMDPx""",1,0,0,2,0,14,0,0,0,0,0,0,1.1428571428571428,0.0,0.0,2.357142857142857,8.571428571428571,13.071428571428571,1.2857142857142858,0.0,0.0,2.2857142857142856,0.5714285714285714,0.0
265,"""distracted_noncollaborative.POMDPx""",1,0,0,0,0,2,0,0,0,0,0,0,1.1333333333333333,0.0,0.0,2.2,8.0,12.333333333333334,1.2,0.0,0.0,2.1333333333333333,0.5333333333333333,0.0
266,"""distracted_noncollaborative.POMDPx""",1,0,0,9,5,30,0,0,0,0,0,0,1.125,0.0,0.0,2.625,7.8125,13.4375,1.125,0.0,0.0,2.0,0.5,0.0
267,"""distracted_noncollaborative.POMDPx""",1,0,0,0,0,3,0,0,0,0,0,0,1.1176470588235294,0.0,0.0,2.4705882352941178,7.352941176470588,12.823529411764707,1.0588235294117647,0.0,0.0,1.8823529411764706,0.47058823529411764,0.0
268,"""distracted_noncollaborative.POMDPx""",1,0,0,0,0,2,0,0,0,0,0,0,1.1111111111111112,0.0,0.0,2.3333333333333335,6.944444444444445,12.222222222222221,1.0,0.0,0.0,1.7777777777777777,0.4444444444444444,0.0
269,"""distracted_noncollaborative.POMDPx""",1,0,0,0,6,15,8,0,0,4,5,0,1.105263157894737,0.0,0.0,2.210526315789474,6.894736842105263,12.368421052631579,1.368421052631579,0.0,0.0,1.894736842105263,0.6842105263157895,0.0
270,"""distracted_noncollaborative.POMDPx""",2,0,0,0,10,13,0,0,0,5,5,0,1.15,0.0,0.0,2.1,7.05,12.4,1.3,0.0,0.0,2.05,0.9,0.0
271,"""distracted_noncollaborative.POMDPx""",1,0,0,0,0,3,0,0,0,0,0,0,1.1428571428571428,0.0,0.0,2.0,6.714285714285714,11.952380952380953,1.2380952380952381,0.0,0.0,1.9523809523809523,0.8571428571428571,0.0
272,"""distracted_noncollaborative.POMDPx""",1,0,0,0,6,10,0,0,0,0,0,0,1.1363636363636365,0.0,0.0,1.9090909090909092,6.681818181818182,11.863636363636363,1.1818181818181819,0.0,0.0,1.8636363636363635,0.8181818181818182,0.0
273,"""distracted_noncollaborative.POMDPx""",1,0,0,0,0,3,0,0,0,0,0,0,1.1304347826086956,0.0,0.0,1.826086956521739,6.391304347826087,11.478260869565217,1.1304347826086956,0.0,0.0,1.7826086956521738,0.782608695652174,0.0
274,"""distracted_noncollaborative.POMDPx""",1,0,0,0,0,2,0,0,0,0,0,0,1.125,0.0,0.0,1.75,6.125,11.083333333333334,1.0833333333333333,0.0,0.0,1.7083333333333333,0.75,0.0
275,"""distracted_noncollaborative.POMDPx""",1,0,0,0,0,2,0,0,0,0,0,0,1.12,0.0,0.0,1.68,5.88,10.72,1.04,0.0,0.0,1.64,0.72,0.0
276,"""distracted_noncollaborative.POMDPx""",1,0,0,0,0,2,0,0,0,0,0,0,1.1153846153846154,0.0,0.0,1.6153846153846154,5.653846153846154,10.384615384615385,1.0,0.0,0.0,1.5769230769230769,0.6923076923076923,0.0
277,"""distracted_noncollaborative.POMDPx""",1,0,0,0,0,6,0,0,0,0,0,0,1.1111111111111112,0.0,0.0,1.5555555555555556,5.444444444444445,10.222222222222221,0.9629629629629629,0.0,0.0,1.5185185185185186,0.6666666666666666,0.0
278,"""distracted_noncollaborative.POMDPx""",1,0,0,0,22,2,0,0,0,0,0,0,1.1071428571428572,0.0,0.0,1.5,6.035714285714286,9.928571428571429,0.9285714285714286,0.0,0.0,1.4642857142857142,0.6428571428571429,0.0
279,"""distracted_noncollaborative.POMDPx""",1,0,0,0,21,14,0,0,0,0,0,0,1.103448275862069,0.0,0.0,1.4482758620689655,6.551724137931035,10.068965517241379,0.896551724137931,0.0,0.0,1.4137931034482758,0.6206896551724138,0.0
280,"""distracted_noncollaborative.POMDPx""",1,0,0,0,0,6,0,0,0,0,0,0,1.1,0.0,0.0,1.4,6.333333333333333,9.933333333333334,0.8666666666666667,0.0,0.0,1.3666666666666667,0.6,0.0
281,"""distracted_noncollaborative.POMDPx""",1,0,0,0,15,15,0,0,0,0,0,0,1.096774193548387,0.0,0.0,1.3548387096774193,6.612903225806452,10.096774193548388,0.8387096774193549,0.0,0.0,1.3225806451612903,0.5806451612903226,0.0
282,"""distracted_noncollaborative.POMDPx""",1,0,0,0,14,7,0,0,0,0,0,0,1.09375,0.0,0.0,1.3125,6.84375,10.0,0.8125,0.0,0.0,1.28125,0.5625,0.0
283,"""distracted_noncollaborative.POMDPx""",1,0,0,0,22,7,0,0,0,0,0,0,1.0909090909090908,0.0,0.0,1.2727272727272727,7.303030303030303,9.909090909090908,0.7878787878787878,0.0,0.0,1.2424242424242424,0.5454545454545454,0.0
284,"""distracted_noncollaborative.POMDPx""",1,0,0,5,0,17,19,0,0,0,0,0,1.088235294117647,0.0,0.0,1.3823529411764706,7.088235294117647,10.117647058823529,1.3235294117647058,0.0,0.0,1.2058823529411764,0.5294117647058824,0.0
285,"""distracted_noncollaborative.POMDPx""",1,0,0,2,0,15,0,0,0,0,0,0,1.0857142857142856,0.0,0.0,1.4,6.885714285714286,10.257142857142858,1.2857142857142858,0.0,0.0,1.1714285714285715,0.5142857142857142,0.0
286,"""distracted_noncollaborative.POMDPx""",1,0,0,0,0,6,0,0,0,0,0,0,1.0833333333333333,0.0,0.0,1.3611111111111112,6.694444444444445,10.13888888888889,1.25,0.0,0.0,1.1388888888888888,0.5,0.0
287,"""distracted_noncollaborative.POMDPx""",1,0,0,0,10,11,0,0,0,0,0,0,1.0810810810810811,0.0,0.0,1.3243243243243243,6.783783783783784,10.162162162162161,1.2162162162162162,0.0,0.0,1.1081081081081081,0.4864864864864865,0.0
288,"""distracted_noncollaborative.POMDPx""",1,0,0,0,0,2,0,0,0,0,0,0,1.0789473684210527,0.0,0.0,1.2894736842105263,6.605263157894737,9.947368421052632,1.1842105263157894,0.0,0.0,1.0789473684210527,0.47368421052631576,0.0
289,"""distracted_noncollaborative.POMDPx""",1,0,0,0,32,11,0,0,0,0,0,0,1.0769230769230769,0.0,0.0,1.2564102564102564,7.256410256410256,9.974358974358974,1.1538461538461537,0.0,0.0,1.0512820512820513,0.46153846153846156,0.0
290,"""distracted_noncollaborative.POMDPx""",1,0,0,0,22,13,0,0,0,0,0,0,1.075,0.0,0.0,1.225,7.625,10.05,1.125,0.0,0.0,1.025,0.45,0.0
291,"""distracted_noncollaborative.POMDPx""",1,0,0,0,0,2,0,0,0,0,0,0,1.0731707317073171,0.0,0.0,1.1951219512195121,7.439024390243903,9.853658536585366,1.0975609756097562,0.0,0.0,1.0,0.43902439024390244,0.0
292,"""distracted_noncollaborative.POMDPx""",1,0,0,2,13,29,0,0,0,0,0,0,1.0714285714285714,0.0,0.0,1.2142857142857142,7.571428571428571,10.30952380952381,1.0714285714285714,0.0,0.0,0.9761904761904762,0.42857142857142855,0.0
293,"""distracted_noncollaborative.POMDPx""",1,0,0,0,8,17,0,0,0,0,0,0,1.069767441860465,0.0,0.0,1.186046511627907,7.5813953488372094,10.465116279069768,1.0465116279069768,0.0,0.0,0.9534883720930233,0.4186046511627907,0.0
294,"""distracted_noncollaborative.POMDPx""",1,0,0,0,0,3,0,0,0,0,0,0,1.0681818181818181,0.0,0.0,1.1590909090909092,7.409090909090909,10.295454545454545,1.0227272727272727,0.0,0.0,0.9318181818181818,0.4090909090909091,0.0
295,"""distracted_noncollaborative.POMDPx""",1,0,0,0,0,3,0,0,0,0,0,0,1.0666666666666667,0.0,0.0,1.1333333333333333,7.2444444444444445,10.133333333333333,1.0,0.0,0.0,0.9111111111111111,0.4,0.0
296,"""distracted_noncollaborative.POMDPx""",1,0,0,0,30,15,0,0,0,0,0,0,1.065217391304348,0.0,0.0,1.108695652173913,7.739130434782608,10.23913043478261,0.9782608695652174,0.0,0.0,0.8913043478260869,0.391304347826087,0.0
297,"""distracted_noncollaborative.POMDPx""",2,0,0,0,28,2,0,0,0,0,0,0,1.0851063829787233,0.0,0.0,1.0851063829787233,8.170212765957446,10.063829787234043,0.9574468085106383,0.0,0.0,0.8723404255319149,0.3829787234042553,0.0
298,"""distracted_noncollaborative.POMDPx""",1,0,0,0,5,10,0,0,0,0,0,0,1.0833333333333333,0.0,0.0,1.0625,8.104166666666666,10.0625,0.9375,0.0,0.0,0.8541666666666666,0.375,0.0
299,"""distracted_noncollaborative.POMDPx""",1,0,0,2,4,25,0,0,0,0,0,0,1.0816326530612246,0.0,0.0,1.0816326530612246,8.020408163265307,10.36734693877551,0.9183673469387755,0.0,0.0,0.8367346938775511,0.3673469387755102,0.0
300,"""distracted_noncollaborative.POMDPx""",1,0,0,0,0,2,0,0,0,0,0,0,1.08,0.0,0.0,1.06,7.86,10.2,0.9,0.0,0.0,0.82,0.36,0.0
301,"""beginner_tired_noncollaborative.POMDPx""",1,0,0,19,0,33,2,0,0,0,0,0,1.0,0.0,0.0,19.0,0.0,33.0,2.0,0.0,0.0,0.0,0.0,0.0
302,"""beginner_tired_noncollaborative.POMDPx""",1,0,0,6,0,21,12,0,13,2,0,0,1.0,0.0,0.0,12.5,0.0,27.0,7.0,0.0,6.5,1.0,0.0,0.0
303,"""beginner_tired_noncollaborative.POMDPx""",1,0,0,0,0,2,0,0,0,0,0,0,1.0,0.0,0.0,8.333333333333334,0.0,18.666666666666668,4.666666666666667,0.0,4.333333333333333,0.6666666666666666,0.0,0.0
304,"""beginner_tired_noncollaborative.POMDPx""",1,0,0,0,0,6,17,0,6,6,0,0,1.0,0.0,0.0,6.25,0.0,15.5,7.75,0.0,4.75,2.0,0.0,0.0
305,"""beginner_tired_noncollaborative.POMDPx""",1,0,0,5,0,18,5,0,0,5,4,0,1.0,0.0,0.0,6.0,0.0,16.0,7.2,0.0,3.8,2.6,0.8,0.0
306,"""beginner_tired_noncollaborative.POMDPx""",1,0,0,0,0,5,4,11,6,0,0,0,1.0,0.0,0.0,5.0,0.0,14.166666666666666,6.666666666666667,1.8333333333333333,4.166666666666667,2.1666666666666665,0.6666666666666666,0.0
307,"""beginner_tired_noncollaborative.POMDPx""",1,0,0,12,0,30,0,0,0,11,2,0,1.0,0.0,0.0,6.0,0.0,16.428571428571427,5.714285714285714,1.5714285714285714,3.5714285714285716,3.4285714285714284,0.8571428571428571,0.0
308,"""beginner_tired_noncollaborative.POMDPx""",1,0,0,10,0,21,0,0,5,0,0,0,1.0,0.0,0.0,6.5,0.0,17.0,5.0,1.375,3.75,3.0,0.75,0.0
309,"""beginner_tired_noncollaborative.POMDPx""",1,0,0,10,0,22,0,0,0,10,0,0,1.0,0.0,0.0,6.888888888888889,0.0,17.555555555555557,4.444444444444445,1.2222222222222223,3.3333333333333335,3.7777777777777777,0.6666666666666666,0.0
310,"""beginner_tired_noncollaborative.POMDPx""",1,0,0,8,0,28,6,0,0,0,0,0,1.0,0.0,0.0,7.0,0.0,18.6,4.6,1.1,3.0,3.4,0.6,0.0
311,"""beginner_tired_noncollaborative.POMDPx""",2,0,0,6,0,24,5,0,9,0,0,0,1.0909090909090908,0.0,0.0,6.909090909090909,0.0,19.09090909090909,4.636363636363637,1.0,3.5454545454545454,3.090909090909091,0.5454545454545454,0.0
312,"""beginner_tired_noncollaborative.POMDPx""",1,0,0,5,0,17,14,0,0,4,0,0,1.0833333333333333,0.0,0.0,6.75,0.0,18.916666666666668,5.416666666666667,0.9166666666666666,3.25,3.1666666666666665,0.5,0.0
313,"""beginner_tired_noncollaborative.POMDPx""",1,0,0,5,10,21,0,0,0,0,0,0,1.0769230769230769,0.0,0.0,6.615384615384615,0.7692307692307693,19.076923076923077,5.0,0.8461538461538461,3.0,2.923076923076923,0.46153846153846156,0.0
314,"""beginner_tired_noncollaborative.POMDPx""",1,0,0,6,0,16,0,0,0,5,0,0,1.0714285714285714,0.0,0.0,6.571428571428571,0.7142857142857143,18.857142857142858,4.642857142857143,0.7857142857142857,2.7857142857142856,3.0714285714285716,0.42857142857142855,0.0
315,"""beginner_tired_noncollaborative.POMDPx""",1,0,0,5,10,23,0,0,0,6,0,0,1.0666666666666667,0.0,0.0,6.466666666666667,1.3333333333333333,19.133333333333333,4.333333333333333,0.7333333333333333,2.6,3.2666666666666666,0.4,0.0
316,"""beginner_tired_noncollaborative.POMDPx""",1,0,0,0,0,8,5,0,0,0,0,0,1.0625,0.0,0.0,6.0625,1.25,18.4375,4.375,0.6875,2.4375,3.0625,0.375,0.0
317,"""beginner_tired_noncollaborative.POMDPx""",1,0,0,0,0,5,20,0,2,4,0,0,1.0588235294117647,0.0,0.0,5.705882352941177,1.1764705882352942,17.647058823529413,5.294117647058823,0.6470588235294118,2.411764705882353,3.1176470588235294,0.35294117647058826,0.0
318,"""beginner_tired_noncollaborative.POMDPx""",1,0,0,10,0,17,9,0,0,0,0,0,1.0555555555555556,0.0,0.0,5.944444444444445,1.1111111111111112,17.61111111111111,5.5,0.6111111111111112,2.2777777777777777,2.9444444444444446,0.3333333333333333,0.0
319,"""beginner_tired_noncollaborative.POMDPx""",1,0,0,12,0,15,14,0,2,0,0,0,1.0526315789473684,0.0,0.0,6.2631578947368425,1.0526315789473684,17.473684210526315,5.947368421052632,0.5789473684210527,2.263157894736842,2.789473684210526,0.3157894736842105,0.0
320,"""beginner_tired_noncollaborative.POMDPx""",1,0,0,0,0,11,0,0,0,0,0,0,1.05,0.0,0.0,5.95,1.0,17.15,5.65,0.55,2.15,2.65,0.3,0.0
321,"""beginner_tired_noncollaborative.POMDPx""",3,0,0,15,0,32,0,0,0,5,0,0,1.1428571428571428,0.0,0.0,6.380952380952381,0.9523809523809523,17.857142857142858,5.380952380952381,0.5238095238095238,2.0476190476190474,2.761904761904762,0.2857142857142857,0.0
322,"""beginner_tired_noncollaborative.POMDPx""",1,0,0,6,0,20,0,0,0,7,0,0,1.1363636363636365,0.0,0.0,6.363636363636363,0.9090909090909091,17.954545454545453,5.136363636363637,0.5,1.9545454545454546,2.9545454545454546,0.2727272727272727,0.0
323,"""beginner_tired_noncollaborative.POMDPx""",6,0,0,6,0,21,5,0,0,5,0,0,1.3478260869565217,0.0,0.0,6.3478260869565215,0.8695652173913043,18.08695652173913,5.130434782608695,0.4782608695652174,1.8695652173913044,3.0434782608695654,0.2608695652173913,0.0
324,"""beginner_tired_noncollaborative.POMDPx""",1,0,0,11,0,26,5,0,2,0,0,0,1.3333333333333333,0.0,0.0,6.541666666666667,0.8333333333333334,18.416666666666668,5.125,0.4583333333333333,1.875,2.9166666666666665,0.25,0.0
325,"""beginner_tired_noncollaborative.POMDPx""",1,0,0,6,0,17,0,0,5,4,0,0,1.32,0.0,0.0,6.52,0.8,18.36,4.92,0.44,2.0,2.96,0.24,0.0
326,"""beginner_tired_noncollaborative.POMDPx""",1,0,0,0,0,7,0,0,0,0,0,0,1.3076923076923077,0.0,0.0,6.269230769230769,0.7692307692307693,17.923076923076923,4.730769230769231,0.4230769230769231,1.9230769230769231,2.8461538461538463,0.23076923076923078,0.0
327,"""beginner_tired_noncollaborative.POMDPx""",1,0,0,10,0,16,9,0,0,0,0,0,1.2962962962962963,0.0,0.0,6.407407407407407,0.7407407407407407,17.85185185185185,4.888888888888889,0.4074074074074074,1.8518518518518519,2.740740740740741,0.2222222222222222,0.0
328,"""beginner_tired_noncollaborative.POMDPx""",1,0,0,6,0,17,0,0,4,0,0,0,1.2857142857142858,0.0,0.0,6.392857142857143,0.7142857142857143,17.821428571428573,4.714285714285714,0.39285714285714285,1.9285714285714286,2.642857142857143,0.21428571428571427,0.0
329,"""beginner_tired_noncollaborative.POMDPx""",3,0,0,0,0,5,0,0,0,0,0,0,1.3448275862068966,0.0,0.0,6.172413793103448,0.6896551724137931,17.379310344827587,4.551724137931035,0.3793103448275862,1.8620689655172413,2.5517241379310347,0.20689655172413793,0.0
330,"""beginner_tired_noncollaborative.POMDPx""",1,0,0,7,0,17,4,0,0,0,0,0,1.3333333333333333,0.0,0.0,6.2,0.6666666666666666,17.366666666666667,4.533333333333333,0.36666666666666664,1.8,2.466666666666667,0.2,0.0
331,"""beginner_tired_noncollaborative.POMDPx""",1,0,0,5,0,26,8,0,0,4,0,0,1.3225806451612903,0.0,0.0,6.161290322580645,0.6451612903225806,17.64516129032258,4.645161290322581,0.3548387096774194,1.7419354838709677,2.5161290322580645,0.1935483870967742,0.0
332,"""beginner_tired_noncollaborative.POMDPx""",1,0,0,5,0,21,10,0,0,7,0,0,1.3125,0.0,0.0,6.125,0.625,17.75,4.8125,0.34375,1.6875,2.65625,0.1875,0.0
333,"""beginner_tired_noncollaborative.POMDPx""",1,0,0,9,5,23,0,0,7,0,0,0,1.303030303030303,0.0,0.0,6.212121212121212,0.7575757575757576,17.90909090909091,4.666666666666667,0.3333333333333333,1.8484848484848484,2.5757575757575757,0.18181818181818182,0.0
334,"""beginner_tired_noncollaborative.POMDPx""",1,0,0,6,0,20,0,0,0,6,0,0,1.2941176470588236,0.0,0.0,6.205882352941177,0.7352941176470589,17.970588235294116,4.529411764705882,0.3235294117647059,1.7941176470588236,2.676470588235294,0.17647058823529413,0.0
335,"""beginner_tired_noncollaborative.POMDPx""",3,0,0,10,0,24,0,0,0,0,0,0,1.3428571428571427,0.0,0.0,6.314285714285714,0.7142857142857143,18.142857142857142,4.4,0.3142857142857143,1.7428571428571429,2.6,0.17142857142857143,0.0
336,"""beginner_tired_noncollaborative.POMDPx""",1,0,0,6,0,19,10,0,2,5,0,0,1.3333333333333333,0.0,0.0,6.305555555555555,0.6944444444444444,18.166666666666668,4.555555555555555,0.3055555555555556,1.75,2.6666666666666665,0.16666666666666666,0.0
337,"""beginner_tired_noncollaborative.POMDPx""",1,0,0,0,0,12,0,0,0,0,0,0,1.3243243243243243,0.0,0.0,6.135135135135135,0.6756756756756757,18.0,4.4324324324324325,0.2972972972972973,1.7027027027027026,2.5945945945945947,0.16216216216216217,0.0
338,"""beginner_tired_noncollaborative.POMDPx""",1,0,0,0,0,7,0,0,0,0,0,0,1.3157894736842106,0.0,0.0,5.973684210526316,0.6578947368421053,17.710526315789473,4.315789473684211,0.2894736842105263,1.6578947368421053,2.526315789473684,0.15789473684210525,0.0
339,"""beginner_tired_noncollaborative.POMDPx""",1,0,0,0,0,21,10,0,5,5,0,0,1.3076923076923077,0.0,0.0,5.82051282051282,0.6410256410256411,17.794871794871796,4.461538461538462,0.28205128205128205,1.7435897435897436,2.58974358974359,0.15384615384615385,0.0
340,"""beginner_tired_noncollaborative.POMDPx""",1,0,0,0,0,12,0,0,0,0,0,0,1.3,0.0,0.0,5.675,0.625,17.65,4.35,0.275,1.7,2.525,0.15,0.0
341,"""beginner_tired_noncollaborative.POMDPx""",1,0,0,0,0,5,13,0,0,7,0,0,1.2926829268292683,0.0,0.0,5.536585365853658,0.6097560975609756,17.341463414634145,4.560975609756097,0.2682926829268293,1.6585365853658536,2.6341463414634148,0.14634146341463414,0.0
342,"""beginner_tired_noncollaborative.POMDPx""",2,0,0,0,0,10,0,0,0,0,0,0,1.3095238095238095,0.0,0.0,5.404761904761905,0.5952380952380952,17.166666666666668,4.4523809523809526,0.2619047619047619,1.619047619047619,2.5714285714285716,0.14285714285714285,0.0
343,"""beginner_tired_noncollaborative.POMDPx""",1,0,0,9,0,21,0,0,0,4,0,0,1.302325581395349,0.0,0.0,5.488372093023256,0.5813953488372093,17.25581395348837,4.348837209302325,0.2558139534883721,1.5813953488372092,2.604651162790698,0.13953488372093023,0.0
344,"""beginner_tired_noncollaborative.POMDPx""",3,0,0,0,0,6,0,0,0,0,0,0,1.3409090909090908,0.0,0.0,5.363636363636363,0.5681818181818182,17.0,4.25,0.25,1.5454545454545454,2.5454545454545454,0.13636363636363635,0.0
345,"""beginner_tired_noncollaborative.POMDPx""",1,0,0,5,0,19,5,0,0,7,0,0,1.3333333333333333,0.0,0.0,5.355555555555555,0.5555555555555556,17.044444444444444,4.266666666666667,0.24444444444444444,1.511111111111111,2.6444444444444444,0.13333333333333333,0.0
346,"""beginner_tired_noncollaborative.POMDPx""",3,0,0,7,0,24,5,0,0,4,0,0,1.3695652173913044,0.0,0.0,5.391304347826087,0.5434782608695652,17.195652173913043,4.282608695652174,0.2391304347826087,1.4782608695652173,2.6739130434782608,0.13043478260869565,0.0
347,"""beginner_tired_noncollaborative.POMDPx""",1,0,0,0,0,0,15,14,2,0,0,0,1.3617021276595744,0.0,0.0,5.276595744680851,0.5319148936170213,16.829787234042552,4.51063829787234,0.5319148936170213,1.4893617021276595,2.617021276595745,0.1276595744680851,0.0
348,"""beginner_tired_noncollaborative.POMDPx""",1,0,0,8,0,42,0,0,4,0,0,0,1.3541666666666667,0.0,0.0,5.333333333333333,0.5208333333333334,17.354166666666668,4.416666666666667,0.5208333333333334,1.5416666666666667,2.5625,0.125,0.0
349,"""beginner_tired_noncollaborative.POMDPx""",3,0,0,6,0,35,5,0,0,6,0,0,1.3877551020408163,0.0,0.0,5.346938775510204,0.5102040816326531,17.714285714285715,4.428571428571429,0.5102040816326531,1.510204081632653,2.63265306122449,0.12244897959183673,0.0
350,"""beginner_tired_noncollaborative.POMDPx""",1,0,0,12,0,29,2,0,0,0,0,0,1.38,0.0,0.0,5.48,0.5,17.94,4.38,0.5,1.48,2.58,0.12,0.0
351,"""expert_nontired_collaborative.POMDPx""",2,0,0,0,0,6,0,0,0,0,0,0,2.0,0.0,0.0,0.0,0.0,6.0,0.0,0.0,0.0,0.0,0.0,0.0
352,"""expert_nontired_collaborative.POMDPx""",1,0,0,0,0,3,0,0,0,0,0,0,1.5,0.0,0.0,0.0,0.0,4.5,0.0,0.0,0.0,0.0,0.0,0.0
353,"""expert_nontired_collaborative.POMDPx""",1,0,0,0,0,2,0,0,0,0,0,0,1.3333333333333333,0.0,0.0,0.0,0.0,3.6666666666666665,0.0,0.0,0.0,0.0,0.0,0.0
354,"""expert_nontired_collaborative.POMDPx""",1,0,0,0,0,2,0,0,0,0,0,0,1.25,0.0,0.0,0.0,0.0,3.25,0.0,0.0,0.0,0.0,0.0,0.0
355,"""expert_nontired_collaborative.POMDPx""",14,0,0,0,0,10,0,0,0,0,0,0,3.8,0.0,0.0,0.0,0.0,4.6,0.0,0.0,0.0,0.0,0.0,0.0
356,"""expert_nontired_collaborative.POMDPx""",1,0,0,0,0,2,0,0,0,0,0,0,3.3333333333333335,0.0,0.0,0.0,0.0,4.166666666666667,0.0,0.0,0.0,0.0,0.0,0.0
357,"""expert_nontired_collaborative.POMDPx""",1,0,0,0,0,2,0,0,0,0,0,0,3.0,0.0,0.0,0.0,0.0,3.857142857142857,0.0,0.0,0.0,0.0,0.0,0.0
358,"""expert_nontired_collaborative.POMDPx""",1,0,0,0,0,3,0,0,0,0,0,0,2.75,0.0,0.0,0.0,0.0,3.75,0.0,0.0,0.0,0.0,0.0,0.0
359,"""expert_nontired_collaborative.POMDPx""",3,0,0,0,0,9,0,0,0,0,0,0,2.7777777777777777,0.0,0.0,0.0,0.0,4.333333333333333,0.0,0.0,0.0,0.0,0.0,0.0
360,"""expert_nontired_collaborative.POMDPx""",1,0,0,0,0,2,0,0,0,0,0,0,2.6,0.0,0.0,0.0,0.0,4.1,0.0,0.0,0.0,0.0,0.0,0.0
361,"""expert_nontired_collaborative.POMDPx""",1,0,0,0,0,3,0,0,0,0,0,0,2.4545454545454546,0.0,0.0,0.0,0.0,4.0,0.0,0.0,0.0,0.0,0.0,0.0
362,"""expert_nontired_collaborative.POMDPx""",1,0,0,0,0,8,0,0,0,0,0,0,2.3333333333333335,0.0,0.0,0.0,0.0,4.333333333333333,0.0,0.0,0.0,0.0,0.0,0.0
363,"""expert_nontired_collaborative.POMDPx""",1,0,0,0,0,8,0,0,0,0,0,0,2.230769230769231,0.0,0.0,0.0,0.0,4.615384615384615,0.0,0.0,0.0,0.0,0.0,0.0
364,"""expert_nontired_collaborative.POMDPx""",1,0,0,0,0,2,0,0,0,0,0,0,2.142857142857143,0.0,0.0,0.0,0.0,4.428571428571429,0.0,0.0,0.0,0.0,0.0,0.0
365,"""expert_nontired_collaborative.POMDPx""",2,0,0,0,0,6,0,0,0,0,0,0,2.1333333333333333,0.0,0.0,0.0,0.0,4.533333333333333,0.0,0.0,0.0,0.0,0.0,0.0
366,"""expert_nontired_collaborative.POMDPx""",1,0,0,0,0,2,0,0,0,0,0,0,2.0625,0.0,0.0,0.0,0.0,4.375,0.0,0.0,0.0,0.0,0.0,0.0
367,"""expert_nontired_collaborative.POMDPx""",1,0,0,0,0,6,5,0,11,0,0,0,2.0,0.0,0.0,0.0,0.0,4.470588235294118,0.29411764705882354,0.0,0.6470588235294118,0.0,0.0,0.0
368,"""expert_nontired_collaborative.POMDPx""",1,0,0,0,0,10,0,0,0,0,0,0,1.9444444444444444,0.0,0.0,0.0,0.0,4.777777777777778,0.2777777777777778,0.0,0.6111111111111112,0.0,0.0,0.0
369,"""expert_nontired_collaborative.POMDPx""",1,0,0,0,0,3,0,0,0,0,0,0,1.894736842105263,0.0,0.0,0.0,0.0,4.684210526315789,0.2631578947368421,0.0,0.5789473684210527,0.0,0.0,0.0
370,"""expert_nontired_collaborative.POMDPx""",1,0,0,0,0,11,0,0,0,0,0,0,1.85,0.0,0.0,0.0,0.0,5.0,0.25,0.0,0.55,0.0,0.0,0.0
371,"""expert_nontired_collaborative.POMDPx""",1,0,0,0,0,2,0,0,0,0,0,0,1.8095238095238095,0.0,0.0,0.0,0.0,4.857142857142857,0.23809523809523808,0.0,0.5238095238095238,0.0,0.0,0.0
372,"""expert_nontired_collaborative.POMDPx""",1,0,0,0,0,10,0,0,0,0,0,0,1.7727272727272727,0.0,0.0,0.0,0.0,5.090909090909091,0.22727272727272727,0.0,0.5,0.0,0.0,0.0
373,"""expert_nontired_collaborative.POMDPx""",1,0,0,0,0,8,0,0,0,0,0,0,1.7391304347826086,0.0,0.0,0.0,0.0,5.217391304347826,0.21739130434782608,0.0,0.4782608695652174,0.0,0.0,0.0
374,"""expert_nontired_collaborative.POMDPx""",1,0,0,0,0,2,0,0,0,0,0,0,1.7083333333333333,0.0,0.0,0.0,0.0,5.083333333333333,0.20833333333333334,0.0,0.4583333333333333,0.0,0.0,0.0
375,"""expert_nontired_collaborative.POMDPx""",1,0,0,0,0,3,0,0,0,0,0,0,1.68,0.0,0.0,0.0,0.0,5.0,0.2,0.0,0.44,0.0,0.0,0.0
376,"""expert_nontired_collaborative.POMDPx""",1,0,0,0,0,3,0,0,0,0,0,0,1.6538461538461537,0.0,0.0,0.0,0.0,4.923076923076923,0.19230769230769232,0.0,0.4230769230769231,0.0,0.0,0.0
377,"""expert_nontired_collaborative.POMDPx""",2,0,0,0,0,6,0,0,0,0,0,0,1.6666666666666667,0.0,0.0,0.0,0.0,4.962962962962963,0.18518518518518517,0.0,0.4074074074074074,0.0,0.0,0.0
378,"""expert_nontired_collaborative.POMDPx""",1,0,0,0,0,3,0,0,0,0,0,0,1.6428571428571428,0.0,0.0,0.0,0.0,4.892857142857143,0.17857142857142858,0.0,0.39285714285714285,0.0,0.0,0.0
379,"""expert_nontired_collaborative.POMDPx""",1,0,0,0,0,7,0,0,0,0,0,0,1.6206896551724137,0.0,0.0,0.0,0.0,4.9655172413793105,0.1724137931034483,0.0,0.3793103448275862,0.0,0.0,0.0
380,"""expert_nontired_collaborative.POMDPx""",1,0,0,0,0,11,0,0,0,0,0,0,1.6,0.0,0.0,0.0,0.0,5.166666666666667,0.16666666666666666,0.0,0.36666666666666664,0.0,0.0,0.0
381,"""expert_nontired_collaborative.POMDPx""",1,0,0,0,0,3,0,0,0,0,0,0,1.5806451612903225,0.0,0.0,0.0,0.0,5.096774193548387,0.16129032258064516,0.0,0.3548387096774194,0.0,0.0,0.0
382,"""expert_nontired_collaborative.POMDPx""",1,0,0,0,0,12,5,0,0,0,0,0,1.5625,0.0,0.0,0.0,0.0,5.3125,0.3125,0.0,0.34375,0.0,0.0,0.0
383,"""expert_nontired_collaborative.POMDPx""",1,0,0,0,0,3,0,0,0,0,0,0,1.5454545454545454,0.0,0.0,0.0,0.0,5.242424242424242,0.30303030303030304,0.0,0.3333333333333333,0.0,0.0,0.0
384,"""expert_nontired_collaborative.POMDPx""",1,0,0,0,0,2,0,0,0,0,0,0,1.5294117647058822,0.0,0.0,0.0,0.0,5.147058823529412,0.29411764705882354,0.0,0.3235294117647059,0.0,0.0,0.0
385,"""expert_nontired_collaborative.POMDPx""",1,0,0,0,0,8,0,0,0,0,0,0,1.5142857142857142,0.0,0.0,0.0,0.0,5.228571428571429,0.2857142857142857,0.0,0.3142857142857143,0.0,0.0,0.0
386,"""expert_nontired_collaborative.POMDPx""",1,0,0,0,0,7,0,0,0,0,0,0,1.5,0.0,0.0,0.0,0.0,5.277777777777778,0.2777777777777778,0.0,0.3055555555555556,0.0,0.0,0.0
387,"""expert_nontired_collaborative.POMDPx""",1,0,0,0,0,3,0,0,0,0,0,0,1.4864864864864864,0.0,0.0,0.0,0.0,5.216216216216216,0.2702702702702703,0.0,0.2972972972972973,0.0,0.0,0.0
388,"""expert_nontired_collaborative.POMDPx""",3,0,0,0,0,6,0,0,0,0,0,0,1.5263157894736843,0.0,0.0,0.0,0.0,5.2368421052631575,0.2631578947368421,0.0,0.2894736842105263,0.0,0.0,0.0
389,"""expert_nontired_collaborative.POMDPx""",1,0,0,0,0,2,0,0,0,0,0,0,1.5128205128205128,0.0,0.0,0.0,0.0,5.153846153846154,0.2564102564102564,0.0,0.28205128205128205,0.0,0.0,0.0
390,"""expert_nontired_collaborative.POMDPx""",1,0,0,0,0,2,0,0,0,0,0,0,1.5,0.0,0.0,0.0,0.0,5.075,0.25,0.0,0.275,0.0,0.0,0.0
391,"""expert_nontired_collaborative.POMDPx""",7,0,0,0,0,6,0,0,0,0,0,0,1.6341463414634145,0.0,0.0,0.0,0.0,5.097560975609756,0.24390243902439024,0.0,0.2682926829268293,0.0,0.0,0.0
392,"""expert_nontired_collaborative.POMDPx""",1,0,0,0,0,3,0,0,0,0,0,0,1.619047619047619,0.0,0.0,0.0,0.0,5.0476190476190474,0.23809523809523808,0.0,0.2619047619047619,0.0,0.0,0.0
393,"""expert_nontired_collaborative.POMDPx""",1,0,0,0,0,7,0,0,0,0,0,0,1.6046511627906976,0.0,0.0,0.0,0.0,5.093023255813954,0.23255813953488372,0.0,0.2558139534883721,0.0,0.0,0.0
394,"""expert_nontired_collaborative.POMDPx""",1,0,0,0,0,2,0,0,0,0,0,0,1.5909090909090908,0.0,0.0,0.0,0.0,5.0227272727272725,0.22727272727272727,0.0,0.25,0.0,0.0,0.0
395,"""expert_nontired_collaborative.POMDPx""",1,0,0,0,0,8,0,0,0,28,5,0,1.5777777777777777,0.0,0.0,0.0,0.0,5.088888888888889,0.2222222222222222,0.0,0.24444444444444444,0.6222222222222222,0.1111111111111111,0.0
396,"""expert_nontired_collaborative.POMDPx""",1,0,0,0,0,3,0,0,0,0,0,0,1.565217391304348,0.0,0.0,0.0,0.0,5.043478260869565,0.21739130434782608,0.0,0.2391304347826087,0.6086956521739131,0.10869565217391304,0.0
397,"""expert_nontired_collaborative.POMDPx""",1,0,0,0,0,2,0,0,0,0,0,0,1.553191489361702,0.0,0.0,0.0,0.0,4.9787234042553195,0.2127659574468085,0.0,0.23404255319148937,0.5957446808510638,0.10638297872340426,0.0
398,"""expert_nontired_collaborative.POMDPx""",1,0,0,0,0,2,0,0,0,0,0,0,1.5416666666666667,0.0,0.0,0.0,0.0,4.916666666666667,0.20833333333333334,0.0,0.22916666666666666,0.5833333333333334,0.10416666666666667,0.0
399,"""expert_nontired_collaborative.POMDPx""",1,0,0,0,0,10,0,0,0,0,0,0,1.530612244897959,0.0,0.0,0.0,0.0,5.020408163265306,0.20408163265306123,0.0,0.22448979591836735,0.5714285714285714,0.10204081632653061,0.0
400,"""expert_nontired_collaborative.POMDPx""",1,0,0,0,0,8,0,0,0,0,0,0,1.52,0.0,0.0,0.0,0.0,5.08,0.2,0.0,0.22,0.56,0.1,0.0
401,"""beginner_nontired_collaborative.POMDPx""",7,0,0,0,0,0,0,0,0,0,0,0,7.0,0.0,0.0,0.0,0.0,0.0,0.0,0.0,0.0,0.0,0.0,0.0
402,"""beginner_nontired_collaborative.POMDPx""",1,0,0,0,0,8,0,0,0,0,0,0,4.0,0.0,0.0,0.0,0.0,4.0,0.0,0.0,0.0,0.0,0.0,0.0
403,"""beginner_nontired_collaborative.POMDPx""",1,0,0,18,0,46,0,0,0,0,0,0,3.0,0.0,0.0,6.0,0.0,18.0,0.0,0.0,0.0,0.0,0.0,0.0
404,"""beginner_nontired_collaborative.POMDPx""",1,0,0,0,0,3,0,0,0,0,0,0,2.5,0.0,0.0,4.5,0.0,14.25,0.0,0.0,0.0,0.0,0.0,0.0
405,"""beginner_nontired_collaborative.POMDPx""",1,0,0,16,0,47,0,0,0,0,0,0,2.2,0.0,0.0,6.8,0.0,20.8,0.0,0.0,0.0,0.0,0.0,0.0
406,"""beginner_nontired_collaborative.POMDPx""",1,0,0,0,0,3,0,0,0,0,0,0,2.0,0.0,0.0,5.666666666666667,0.0,17.833333333333332,0.0,0.0,0.0,0.0,0.0,0.0
407,"""beginner_nontired_collaborative.POMDPx""",2,0,0,19,0,2,0,0,4,0,0,0,2.0,0.0,0.0,7.571428571428571,0.0,15.571428571428571,0.0,0.0,0.5714285714285714,0.0,0.0,0.0
408,"""beginner_nontired_collaborative.POMDPx""",1,0,0,8,0,33,0,0,0,0,0,0,1.875,0.0,0.0,7.625,0.0,17.75,0.0,0.0,0.5,0.0,0.0,0.0
409,"""beginner_nontired_collaborative.POMDPx""",1,0,0,19,0,35,0,0,0,0,0,0,1.7777777777777777,0.0,0.0,8.88888888888889,0.0,19.666666666666668,0.0,0.0,0.4444444444444444,0.0,0.0,0.0
410,"""beginner_nontired_collaborative.POMDPx""",1,0,0,0,0,3,0,0,0,0,0,0,1.7,0.0,0.0,8.0,0.0,18.0,0.0,0.0,0.4,0.0,0.0,0.0
411,"""beginner_nontired_collaborative.POMDPx""",1,0,0,0,0,2,0,0,0,0,0,0,1.6363636363636365,0.0,0.0,7.2727272727272725,0.0,16.545454545454547,0.0,0.0,0.36363636363636365,0.0,0.0,0.0
412,"""beginner_nontired_collaborative.POMDPx""",1,0,0,0,0,3,0,0,0,0,0,0,1.5833333333333333,0.0,0.0,6.666666666666667,0.0,15.416666666666666,0.0,0.0,0.3333333333333333,0.0,0.0,0.0
413,"""beginner_nontired_collaborative.POMDPx""",1,0,0,6,0,17,0,0,0,0,0,0,1.5384615384615385,0.0,0.0,6.615384615384615,0.0,15.538461538461538,0.0,0.0,0.3076923076923077,0.0,0.0,0.0
414,"""beginner_nontired_collaborative.POMDPx""",1,0,0,11,0,65,0,0,2,18,0,0,1.5,0.0,0.0,6.928571428571429,0.0,19.071428571428573,0.0,0.0,0.42857142857142855,1.2857142857142858,0.0,0.0
415,"""beginner_nontired_collaborative.POMDPx""",1,0,0,20,0,32,0,0,2,0,0,0,1.4666666666666666,0.0,0.0,7.8,0.0,19.933333333333334,0.0,0.0,0.5333333333333333,1.2,0.0,0.0
416,"""beginner_nontired_collaborative.POMDPx""",2,0,0,0,0,10,0,0,0,0,0,0,1.5,0.0,0.0,7.3125,0.0,19.3125,0.0,0.0,0.5,1.125,0.0,0.0
417,"""beginner_nontired_collaborative.POMDPx""",1,0,0,6,0,14,0,0,0,35,0,0,1.4705882352941178,0.0,0.0,7.235294117647059,0.0,19.0,0.0,0.0,0.47058823529411764,3.1176470588235294,0.0,0.0
418,"""beginner_nontired_collaborative.POMDPx""",1,0,0,0,0,2,0,0,0,0,0,0,1.4444444444444444,0.0,0.0,6.833333333333333,0.0,18.055555555555557,0.0,0.0,0.4444444444444444,2.9444444444444446,0.0,0.0
419,"""beginner_nontired_collaborative.POMDPx""",1,0,0,13,0,15,24,0,2,0,0,0,1.4210526315789473,0.0,0.0,7.157894736842105,0.0,17.894736842105264,1.263157894736842,0.0,0.5263157894736842,2.789473684210526,0.0,0.0
420,"""beginner_nontired_collaborative.POMDPx""",1,0,0,0,0,2,0,0,0,0,0,0,1.4,0.0,0.0,6.8,0.0,17.1,1.2,0.0,0.5,2.65,0.0,0.0
421,"""beginner_nontired_collaborative.POMDPx""",1,0,0,0,0,3,0,0,0,0,0,0,1.380952380952381,0.0,0.0,6.476190476190476,0.0,16.428571428571427,1.1428571428571428,0.0,0.47619047619047616,2.5238095238095237,0.0,0.0
422,"""beginner_nontired_collaborative.POMDPx""",1,0,0,5,0,15,0,0,5,7,0,0,1.3636363636363635,0.0,0.0,6.409090909090909,0.0,16.363636363636363,1.0909090909090908,0.0,0.6818181818181818,2.727272727272727,0.0,0.0
423,"""beginner_nontired_collaborative.POMDPx""",8,0,0,0,0,6,0,0,0,0,0,0,1.6521739130434783,0.0,0.0,6.130434782608695,0.0,15.91304347826087,1.0434782608695652,0.0,0.6521739130434783,2.608695652173913,0.0,0.0
424,"""beginner_nontired_collaborative.POMDPx""",1,0,0,13,0,30,0,0,0,0,0,0,1.625,0.0,0.0,6.416666666666667,0.0,16.5,1.0,0.0,0.625,2.5,0.0,0.0
425,"""beginner_nontired_collaborative.POMDPx""",1,0,0,6,0,18,8,0,0,0,0,0,1.6,0.0,0.0,6.4,0.0,16.56,1.28,0.0,0.6,2.4,0.0,0.0
426,"""beginner_nontired_collaborative.POMDPx""",1,0,0,6,10,32,0,0,2,4,0,0,1.5769230769230769,0.0,0.0,6.384615384615385,0.38461538461538464,17.153846153846153,1.2307692307692308,0.0,0.6538461538461539,2.4615384615384617,0.0,0.0
427,"""beginner_nontired_collaborative.POMDPx""",1,0,0,7,0,30,0,0,5,0,0,0,1.5555555555555556,0.0,0.0,6.407407407407407,0.37037037037037035,17.62962962962963,1.1851851851851851,0.0,0.8148148148148148,2.3703703703703702,0.0,0.0
428,"""beginner_nontired_collaborative.POMDPx""",1,0,0,6,0,29,0,0,8,0,0,0,1.5357142857142858,0.0,0.0,6.392857142857143,0.35714285714285715,18.035714285714285,1.1428571428571428,0.0,1.0714285714285714,2.2857142857142856,0.0,0.0
429,"""beginner_nontired_collaborative.POMDPx""",1,0,0,7,0,35,0,0,0,0,0,0,1.5172413793103448,0.0,0.0,6.413793103448276,0.3448275862068966,18.620689655172413,1.103448275862069,0.0,1.0344827586206897,2.206896551724138,0.0,0.0
430,"""beginner_nontired_collaborative.POMDPx""",1,0,0,6,0,16,0,0,0,18,2,0,1.5,0.0,0.0,6.4,0.3333333333333333,18.533333333333335,1.0666666666666667,0.0,1.0,2.7333333333333334,0.06666666666666667,0.0
431,"""beginner_nontired_collaborative.POMDPx""",1,0,0,0,0,3,0,0,0,0,0,0,1.4838709677419355,0.0,0.0,6.193548387096774,0.3225806451612903,18.032258064516128,1.032258064516129,0.0,0.967741935483871,2.6451612903225805,0.06451612903225806,0.0
432,"""beginner_nontired_collaborative.POMDPx""",1,0,0,6,0,16,0,0,0,0,0,0,1.46875,0.0,0.0,6.1875,0.3125,17.96875,1.0,0.0,0.9375,2.5625,0.0625,0.0
433,"""beginner_nontired_collaborative.POMDPx""",1,0,0,10,0,15,0,0,12,0,0,0,1.4545454545454546,0.0,0.0,6.303030303030303,0.30303030303030304,17.87878787878788,0.9696969696969697,0.0,1.2727272727272727,2.484848484848485,0.06060606060606061,0.0
434,"""beginner_nontired_collaborative.POMDPx""",1,0,0,8,0,34,0,0,0,0,0,0,1.4411764705882353,0.0,0.0,6.352941176470588,0.29411764705882354,18.352941176470587,0.9411764705882353,0.0,1.2352941176470589,2.411764705882353,0.058823529411764705,0.0
435,"""beginner_nontired_collaborative.POMDPx""",1,0,0,18,0,34,0,0,0,2,0,0,1.4285714285714286,0.0,0.0,6.685714285714286,0.2857142857142857,18.8,0.9142857142857143,0.0,1.2,2.4,0.05714285714285714,0.0
436,"""beginner_nontired_collaborative.POMDPx""",1,0,0,6,0,15,0,0,4,7,0,0,1.4166666666666667,0.0,0.0,6.666666666666667,0.2777777777777778,18.694444444444443,0.8888888888888888,0.0,1.2777777777777777,2.5277777777777777,0.05555555555555555,0.0
437,"""beginner_nontired_collaborative.POMDPx""",1,0,0,5,0,22,0,0,0,4,0,0,1.4054054054054055,0.0,0.0,6.621621621621622,0.2702702702702703,18.783783783783782,0.8648648648648649,0.0,1.2432432432432432,2.5675675675675675,0.05405405405405406,0.0
438,"""beginner_nontired_collaborative.POMDPx""",1,0,0,6,0,17,0,0,9,0,0,0,1.394736842105263,0.0,0.0,6.605263157894737,0.2631578947368421,18.736842105263158,0.8421052631578947,0.0,1.4473684210526316,2.5,0.05263157894736842,0.0
439,"""beginner_nontired_collaborative.POMDPx""",1,0,0,6,0,26,0,0,0,0,0,0,1.3846153846153846,0.0,0.0,6.589743589743589,0.2564102564102564,18.923076923076923,0.8205128205128205,0.0,1.4102564102564104,2.4358974358974357,0.05128205128205128,0.0
440,"""beginner_nontired_collaborative.POMDPx""",1,0,0,6,0,15,0,0,10,2,0,0,1.375,0.0,0.0,6.575,0.25,18.825,0.8,0.0,1.625,2.425,0.05,0.0
441,"""beginner_nontired_collaborative.POMDPx""",1,0,0,6,0,21,0,0,0,0,0,0,1.3658536585365855,0.0,0.0,6.560975609756097,0.24390243902439024,18.878048780487806,0.7804878048780488,0.0,1.5853658536585367,2.3658536585365852,0.04878048780487805,0.0
442,"""beginner_nontired_collaborative.POMDPx""",2,0,0,6,0,21,0,0,5,4,0,0,1.380952380952381,0.0,0.0,6.5476190476190474,0.23809523809523808,18.928571428571427,0.7619047619047619,0.0,1.6666666666666667,2.4047619047619047,0.047619047619047616,0.0
443,"""beginner_nontired_collaborative.POMDPx""",1,0,0,5,0,17,10,0,5,0,0,0,1.372093023255814,0.0,0.0,6.511627906976744,0.23255813953488372,18.88372093023256,0.9767441860465116,0.0,1.744186046511628,2.3488372093023258,0.046511627906976744,0.0
444,"""beginner_nontired_collaborative.POMDPx""",1,0,0,6,0,17,0,0,8,0,0,0,1.3636363636363635,0.0,0.0,6.5,0.22727272727272727,18.84090909090909,0.9545454545454546,0.0,1.8863636363636365,2.2954545454545454,0.045454545454545456,0.0
445,"""beginner_nontired_collaborative.POMDPx""",1,0,0,9,0,22,0,0,9,0,0,0,1.3555555555555556,0.0,0.0,6.555555555555555,0.2222222222222222,18.91111111111111,0.9333333333333333,0.0,2.0444444444444443,2.2444444444444445,0.044444444444444446,0.0
446,"""beginner_nontired_collaborative.POMDPx""",2,0,0,0,0,10,0,0,0,0,0,0,1.3695652173913044,0.0,0.0,6.413043478260869,0.21739130434782608,18.717391304347824,0.9130434782608695,0.0,2.0,2.1956521739130435,0.043478260869565216,0.0
447,"""beginner_nontired_collaborative.POMDPx""",1,0,0,6,0,24,0,0,0,0,0,0,1.3617021276595744,0.0,0.0,6.404255319148936,0.2127659574468085,18.829787234042552,0.8936170212765957,0.0,1.9574468085106382,2.148936170212766,0.0425531914893617,0.0
448,"""beginner_nontired_collaborative.POMDPx""",1,0,0,0,0,8,0,0,0,0,0,0,1.3541666666666667,0.0,0.0,6.270833333333333,0.20833333333333334,18.604166666666668,0.875,0.0,1.9166666666666667,2.1041666666666665,0.041666666666666664,0.0
449,"""beginner_nontired_collaborative.POMDPx""",1,0,0,9,0,21,0,0,5,0,0,0,1.346938775510204,0.0,0.0,6.326530612244898,0.20408163265306123,18.653061224489797,0.8571428571428571,0.0,1.9795918367346939,2.061224489795918,0.04081632653061224,0.0
450,"""beginner_nontired_collaborative.POMDPx""",1,0,0,12,0,29,0,0,0,2,0,0,1.34,0.0,0.0,6.44,0.2,18.86,0.84,0.0,1.94,2.06,0.04,0.0
451,"""expert_tired_noncollaborative.POMDPx""",1,0,0,0,0,2,21,0,5,0,0,0,1.0,0.0,0.0,0.0,0.0,2.0,21.0,0.0,5.0,0.0,0.0,0.0
452,"""expert_tired_noncollaborative.POMDPx""",2,0,0,0,0,7,0,0,0,0,0,0,1.5,0.0,0.0,0.0,0.0,4.5,10.5,0.0,2.5,0.0,0.0,0.0
453,"""expert_tired_noncollaborative.POMDPx""",1,0,0,0,0,2,0,0,0,0,0,0,1.3333333333333333,0.0,0.0,0.0,0.0,3.6666666666666665,7.0,0.0,1.6666666666666667,0.0,0.0,0.0
454,"""expert_tired_noncollaborative.POMDPx""",6,0,0,0,0,2,30,0,0,5,0,0,2.5,0.0,0.0,0.0,0.0,3.25,12.75,0.0,1.25,1.25,0.0,0.0
455,"""expert_tired_noncollaborative.POMDPx""",2,0,0,0,0,10,0,0,0,0,0,0,2.4,0.0,0.0,0.0,0.0,4.6,10.2,0.0,1.0,1.0,0.0,0.0
456,"""expert_tired_noncollaborative.POMDPx""",1,0,0,0,0,2,0,0,0,0,0,0,2.1666666666666665,0.0,0.0,0.0,0.0,4.166666666666667,8.5,0.0,0.8333333333333334,0.8333333333333334,0.0,0.0
457,"""expert_tired_noncollaborative.POMDPx""",1,0,0,0,0,3,0,0,0,0,0,0,2.0,0.0,0.0,0.0,0.0,4.0,7.285714285714286,0.0,0.7142857142857143,0.7142857142857143,0.0,0.0
458,"""expert_tired_noncollaborative.POMDPx""",1,0,0,0,0,3,0,0,0,0,0,0,1.875,0.0,0.0,0.0,0.0,3.875,6.375,0.0,0.625,0.625,0.0,0.0
459,"""expert_tired_noncollaborative.POMDPx""",1,0,0,0,0,2,20,0,0,4,0,0,1.7777777777777777,0.0,0.0,0.0,0.0,3.6666666666666665,7.888888888888889,0.0,0.5555555555555556,1.0,0.0,0.0
460,"""expert_tired_noncollaborative.POMDPx""",2,0,0,0,0,15,21,0,0,5,0,0,1.8,0.0,0.0,0.0,0.0,4.8,9.2,0.0,0.5,1.4,0.0,0.0
461,"""expert_tired_noncollaborative.POMDPx""",1,0,0,0,0,2,0,0,0,0,0,0,1.7272727272727273,0.0,0.0,0.0,0.0,4.545454545454546,8.363636363636363,0.0,0.45454545454545453,1.2727272727272727,0.0,0.0
462,"""expert_tired_noncollaborative.POMDPx""",1,0,0,0,0,5,0,0,0,0,0,0,1.6666666666666667,0.0,0.0,0.0,0.0,4.583333333333333,7.666666666666667,0.0,0.4166666666666667,1.1666666666666667,0.0,0.0
463,"""expert_tired_noncollaborative.POMDPx""",1,0,0,2,0,15,0,0,0,0,0,0,1.6153846153846154,0.0,0.0,0.15384615384615385,0.0,5.384615384615385,7.076923076923077,0.0,0.38461538461538464,1.0769230769230769,0.0,0.0
464,"""expert_tired_noncollaborative.POMDPx""",1,0,0,0,0,2,29,0,0,10,0,0,1.5714285714285714,0.0,0.0,0.14285714285714285,0.0,5.142857142857143,8.642857142857142,0.0,0.35714285714285715,1.7142857142857142,0.0,0.0
465,"""expert_tired_noncollaborative.POMDPx""",1,0,0,0,0,2,25,0,0,5,0,0,1.5333333333333334,0.0,0.0,0.13333333333333333,0.0,4.933333333333334,9.733333333333333,0.0,0.3333333333333333,1.9333333333333333,0.0,0.0
466,"""expert_tired_noncollaborative.POMDPx""",2,0,0,2,0,0,18,0,0,0,0,0,1.5625,0.0,0.0,0.25,0.0,4.625,10.25,0.0,0.3125,1.8125,0.0,0.0
467,"""expert_tired_noncollaborative.POMDPx""",1,0,0,2,0,15,0,0,0,0,0,0,1.5294117647058822,0.0,0.0,0.35294117647058826,0.0,5.235294117647059,9.647058823529411,0.0,0.29411764705882354,1.7058823529411764,0.0,0.0
468,"""expert_tired_noncollaborative.POMDPx""",1,0,0,0,0,2,30,0,0,4,0,0,1.5,0.0,0.0,0.3333333333333333,0.0,5.055555555555555,10.777777777777779,0.0,0.2777777777777778,1.8333333333333333,0.0,0.0
469,"""expert_tired_noncollaborative.POMDPx""",1,0,0,2,0,0,15,0,0,0,0,0,1.4736842105263157,0.0,0.0,0.42105263157894735,0.0,4.7894736842105265,11.0,0.0,0.2631578947368421,1.736842105263158,0.0,0.0
470,"""expert_tired_noncollaborative.POMDPx""",1,0,0,2,0,14,0,0,0,0,0,0,1.45,0.0,0.0,0.5,0.0,5.25,10.45,0.0,0.25,1.65,0.0,0.0
471,"""expert_tired_noncollaborative.POMDPx""",1,0,0,0,0,2,0,0,0,0,0,0,1.4285714285714286,0.0,0.0,0.47619047619047616,0.0,5.095238095238095,9.952380952380953,0.0,0.23809523809523808,1.5714285714285714,0.0,0.0
472,"""expert_tired_noncollaborative.POMDPx""",1,0,0,0,0,2,0,0,0,0,0,0,1.4090909090909092,0.0,0.0,0.45454545454545453,0.0,4.954545454545454,9.5,0.0,0.22727272727272727,1.5,0.0,0.0
473,"""expert_tired_noncollaborative.POMDPx""",1,0,0,0,0,3,0,0,0,0,0,0,1.391304347826087,0.0,0.0,0.43478260869565216,0.0,4.869565217391305,9.08695652173913,0.0,0.21739130434782608,1.434782608695652,0.0,0.0
474,"""expert_tired_noncollaborative.POMDPx""",1,0,0,0,0,2,0,0,0,0,0,0,1.375,0.0,0.0,0.4166666666666667,0.0,4.75,8.708333333333334,0.0,0.20833333333333334,1.375,0.0,0.0
475,"""expert_tired_noncollaborative.POMDPx""",1,0,0,0,0,2,10,0,0,0,0,0,1.36,0.0,0.0,0.4,0.0,4.64,8.76,0.0,0.2,1.32,0.0,0.0
476,"""expert_tired_noncollaborative.POMDPx""",2,0,0,0,0,6,0,0,0,0,0,0,1.3846153846153846,0.0,0.0,0.38461538461538464,0.0,4.6923076923076925,8.423076923076923,0.0,0.19230769230769232,1.2692307692307692,0.0,0.0
477,"""expert_tired_noncollaborative.POMDPx""",1,0,0,0,0,7,21,0,0,4,0,0,1.3703703703703705,0.0,0.0,0.37037037037037035,0.0,4.777777777777778,8.88888888888889,0.0,0.18518518518518517,1.3703703703703705,0.0,0.0
478,"""expert_tired_noncollaborative.POMDPx""",1,0,0,7,0,6,15,0,0,0,0,0,1.3571428571428572,0.0,0.0,0.6071428571428571,0.0,4.821428571428571,9.107142857142858,0.0,0.17857142857142858,1.3214285714285714,0.0,0.0
479,"""expert_tired_noncollaborative.POMDPx""",1,0,0,2,0,0,20,0,0,0,0,0,1.3448275862068966,0.0,0.0,0.6551724137931034,0.0,4.655172413793103,9.482758620689655,0.0,0.1724137931034483,1.2758620689655173,0.0,0.0
480,"""expert_tired_noncollaborative.POMDPx""",1,0,0,0,0,2,0,0,0,0,0,0,1.3333333333333333,0.0,0.0,0.6333333333333333,0.0,4.566666666666666,9.166666666666666,0.0,0.16666666666666666,1.2333333333333334,0.0,0.0
481,"""expert_tired_noncollaborative.POMDPx""",21,0,0,0,0,2,14,0,4,0,0,0,1.967741935483871,0.0,0.0,0.6129032258064516,0.0,4.483870967741935,9.32258064516129,0.0,0.2903225806451613,1.1935483870967742,0.0,0.0
482,"""expert_tired_noncollaborative.POMDPx""",1,0,0,0,0,3,0,0,0,0,0,0,1.9375,0.0,0.0,0.59375,0.0,4.4375,9.03125,0.0,0.28125,1.15625,0.0,0.0
483,"""expert_tired_noncollaborative.POMDPx""",1,0,0,2,0,0,15,0,0,0,0,0,1.9090909090909092,0.0,0.0,0.6363636363636364,0.0,4.303030303030303,9.212121212121213,0.0,0.2727272727272727,1.121212121212121,0.0,0.0
484,"""expert_tired_noncollaborative.POMDPx""",1,0,0,0,0,6,0,0,0,0,0,0,1.8823529411764706,0.0,0.0,0.6176470588235294,0.0,4.352941176470588,8.941176470588236,0.0,0.2647058823529412,1.088235294117647,0.0,0.0
485,"""expert_tired_noncollaborative.POMDPx""",1,0,0,11,0,0,15,0,0,0,0,0,1.8571428571428572,0.0,0.0,0.9142857142857143,0.0,4.228571428571429,9.114285714285714,0.0,0.2571428571428571,1.0571428571428572,0.0,0.0
486,"""expert_tired_noncollaborative.POMDPx""",1,0,0,2,0,5,24,0,0,0,0,0,1.8333333333333333,0.0,0.0,0.9444444444444444,0.0,4.25,9.527777777777779,0.0,0.25,1.0277777777777777,0.0,0.0
487,"""expert_tired_noncollaborative.POMDPx""",1,0,0,0,0,2,30,0,0,8,0,0,1.8108108108108107,0.0,0.0,0.918918918918919,0.0,4.1891891891891895,10.08108108108108,0.0,0.24324324324324326,1.2162162162162162,0.0,0.0
488,"""expert_tired_noncollaborative.POMDPx""",1,0,0,0,0,2,0,0,0,0,0,0,1.7894736842105263,0.0,0.0,0.8947368421052632,0.0,4.131578947368421,9.81578947368421,0.0,0.23684210526315788,1.1842105263157894,0.0,0.0
489,"""expert_tired_noncollaborative.POMDPx""",1,0,0,0,0,2,21,5,0,4,0,0,1.7692307692307692,0.0,0.0,0.8717948717948718,0.0,4.076923076923077,10.102564102564102,0.1282051282051282,0.23076923076923078,1.2564102564102564,0.0,0.0
490,"""expert_tired_noncollaborative.POMDPx""",1,0,0,2,0,19,0,0,0,0,0,0,1.75,0.0,0.0,0.9,0.0,4.45,9.85,0.125,0.225,1.225,0.0,0.0
491,"""expert_tired_noncollaborative.POMDPx""",1,0,0,0,0,3,0,0,0,0,0,0,1.7317073170731707,0.0,0.0,0.8780487804878049,0.0,4.414634146341464,9.609756097560975,0.12195121951219512,0.21951219512195122,1.1951219512195121,0.0,0.0
492,"""expert_tired_noncollaborative.POMDPx""",1,0,0,0,0,3,0,0,0,0,0,0,1.7142857142857142,0.0,0.0,0.8571428571428571,0.0,4.380952380952381,9.380952380952381,0.11904761904761904,0.21428571428571427,1.1666666666666667,0.0,0.0
493,"""expert_tired_noncollaborative.POMDPx""",4,0,0,0,0,0,0,0,0,0,0,0,1.7674418604651163,0.0,0.0,0.8372093023255814,0.0,4.27906976744186,9.162790697674419,0.11627906976744186,0.20930232558139536,1.1395348837209303,0.0,0.0
494,"""expert_tired_noncollaborative.POMDPx""",1,0,0,0,0,8,0,0,0,0,0,0,1.75,0.0,0.0,0.8181818181818182,0.0,4.363636363636363,8.954545454545455,0.11363636363636363,0.20454545454545456,1.1136363636363635,0.0,0.0
495,"""expert_tired_noncollaborative.POMDPx""",2,0,0,16,0,0,0,0,0,0,0,0,1.7555555555555555,0.0,0.0,1.1555555555555554,0.0,4.266666666666667,8.755555555555556,0.1111111111111111,0.2,1.0888888888888888,0.0,0.0
496,"""expert_tired_noncollaborative.POMDPx""",7,0,0,0,0,5,0,0,0,0,0,0,1.8695652173913044,0.0,0.0,1.1304347826086956,0.0,4.282608695652174,8.565217391304348,0.10869565217391304,0.1956521739130435,1.065217391304348,0.0,0.0
497,"""expert_tired_noncollaborative.POMDPx""",2,0,0,0,0,6,0,0,0,0,0,0,1.872340425531915,0.0,0.0,1.1063829787234043,0.0,4.319148936170213,8.382978723404255,0.10638297872340426,0.19148936170212766,1.0425531914893618,0.0,0.0
498,"""expert_tired_noncollaborative.POMDPx""",2,0,0,0,0,10,0,0,0,0,0,0,1.875,0.0,0.0,1.0833333333333333,0.0,4.4375,8.208333333333334,0.10416666666666667,0.1875,1.0208333333333333,0.0,0.0
499,"""expert_tired_noncollaborative.POMDPx""",1,0,0,0,0,3,0,0,0,0,0,0,1.8571428571428572,0.0,0.0,1.0612244897959184,0.0,4.408163265306122,8.040816326530612,0.10204081632653061,0.1836734693877551,1.0,0.0,0.0
500,"""expert_tired_noncollaborative.POMDPx""",1,0,0,0,0,2,21,0,0,4,0,0,1.84,0.0,0.0,1.04,0.0,4.36,8.3,0.1,0.18,1.06,0.0,0.0
